character,job,level,max_hp,attack,agility,player_hp,player_attack,player_agility
companion_taeon,guardian,1,132,16,9,104,18,10
companion_taeon,guardian,3,146,17,11,114,18,10
companion_taeon,guardian,5,160,18,13,124,18,10
companion_taeon,guardian,10,195,21,18,149,18,10
companion_taeon,guardian,20,265,26,28,199,18,10
companion_taeon,guardian,50,475,41,58,349,18,10
companion_miel,healer,1,104,14,12,100,18,10
companion_miel,healer,3,114,15,14,106,18,10
companion_miel,healer,5,124,16,16,112,18,10
companion_miel,healer,10,149,19,21,127,18,10
companion_miel,healer,20,199,24,31,157,18,10
companion_miel,healer,50,349,39,61,247,18,10
companion_paul,mage,1,96,38,10,100,36,10
companion_paul,mage,3,104,44,12,108,42,12
companion_paul,mage,5,112,50,14,116,48,14
companion_paul,mage,10,132,64,19,136,62,19
companion_paul,mage,20,172,94,29,176,92,29
companion_paul,mage,50,292,184,59,296,182,59
companion_serin,sharpshooter,1,108,37,14,100,36,12
companion_serin,sharpshooter,3,118,43,16,110,42,14
companion_serin,sharpshooter,5,128,49,18,120,48,16
companion_serin,sharpshooter,10,153,63,23,145,62,21
companion_serin,sharpshooter,20,203,93,33,195,92,31
companion_serin,sharpshooter,50,353,183,63,345,182,61
