DialogueId,SpeakerId,Speaker,Text,VoiceExpected,Status
"main19_cliff_miel_01","companion_miel","미엘","가까이 오래 있으면 사람도 버티기 어렵겠어요.",true,TTS_PENDING
"main19_cliff_paul_01","companion_paul","폴","불길이 스친 정도가 아니네요.
안쪽부터 녹았다가 다시 굳은 것처럼 보입니다.",true,TTS_PENDING
"main19_cliff_paul_02","companion_paul","폴","네. 다음에는 관찰보다 대비가 먼저일 것 같습니다.",true,TTS_PENDING
"main19_closed_route_direction_01","","","<지문> 더 깊은 심부는 열기와 진동이 너무 강해 지금은 바로 들어갈 수 없습니다.",false,NOT_EXPECTED
"main19_pulse_1_emotional_scar_player_01","player","플레이어","갑작스러운 열기에도 반복되는 리듬이 있어요.
패턴을 알면 다음 움직임을 예측할 수 있을 것 같습니다.",false,NOT_EXPECTED
"main19_pulse_1_hearing_player_01","player","플레이어","낮은 울림이 두 번 끊어졌다가 다시 이어집니다.
안쪽일수록 간격이 짧아져요.",false,NOT_EXPECTED
"main19_pulse_1_intellectual_player_01","player","플레이어","진동 간격과 열기 분출 시점이 비슷합니다.
무작위 현상으로 보기 어렵습니다.",false,NOT_EXPECTED
"main19_pulse_1_mobility_player_01","player","플레이어","갈라진 지면 사이에도 버틸 만한 길이 이어집니다.
무게가 큰 존재가 지나간 흔적일 수도 있습니다.",false,NOT_EXPECTED
"main19_pulse_1_serin_01","companion_serin","세린","둘이 우연히 모인 게 아니에요.
같은 맥동에 밀려 한쪽으로 몰린 것처럼 움직였습니다.",true,TTS_PENDING
"main19_pulse_1_serin_02","companion_serin","세린","네. 더 깊은 쪽일수록 반응이 빨라집니다.",true,TTS_PENDING
"main19_pulse_1_vision_player_01","player","플레이어","붉은 균열이 밝아지는 지점과 흔적의 진행 방향이 겹칩니다.",false,NOT_EXPECTED
"main19_track_1_player_01","player","플레이어","감시자보다 더 큰 게 있다는 뜻입니까?",false,NOT_EXPECTED
"main19_track_1_serin_01","companion_serin","세린","발자국 하나의 간격이 너무 넓어요.
여러 개체가 아니라, 큰 하나가 지나간 흔적에 가깝습니다.",true,TTS_PENDING
"main19_track_1_serin_02","companion_serin","세린","단정은 이르지만, 적어도 여기까지 남은 압력은 그 수준입니다.",true,TTS_PENDING
"main19_track_2_player_01","player","플레이어","이건 발자국이라기보다, 길을 눌러 만든 자국 같군.",false,NOT_EXPECTED
"main19_track_2_serin_01","companion_serin","세린","네. 여기서부터는 '무언가가 지나갔다'가 아니라,
'무언가가 이 길을 쓰고 있다'에 가깝습니다.",true,TTS_PENDING
"main19_withdraw_player_01","player","플레이어","다음에는 끝을 볼 준비를 하고 오죠.",false,NOT_EXPECTED
"main19_withdraw_serin_01","companion_serin","세린","저게 중심부에 가까운 존재라면, 다음에는 피할 수 없을 거예요.",true,TTS_PENDING
"main19_witness_miel_01","companion_miel","미엘","다친 채로 밀어붙일 상대는 아니에요.",true,TTS_PENDING
"main19_witness_paul_01","companion_paul","폴","다음에는 관찰보다 대응이 먼저겠네요.",true,TTS_PENDING
"main19_witness_player_01","player","플레이어","지금 덤빌 상대는 아니군요.",false,NOT_EXPECTED
"main19_witness_serin_01","companion_serin","세린","저 존재가 모든 일의 원인이라고 단정할 수는 없어요.
하지만 움직일 때마다 열기와 진동이 함께 치솟습니다.",true,TTS_PENDING
"main19_witness_taeon_01","companion_taeon","태온","준비를 갖추고 다시 오겠습니다.",true,TTS_PENDING
