CaseId,Status
Art.FinalDeepCollision,PASS
Art.FinalDetours,PASS
Art.Import.RedRift_AshPatch_01.png,PASS
Art.Import.RedRift_Canyon_Edge_01.png,PASS
Art.Import.RedRift_DeadShrub_01.png,PASS
Art.Import.RedRift_Fissure_Edge.png,PASS
Art.Import.RedRift_Fissure_Glow.png,PASS
Art.Import.RedRift_Ground_Base.png,PASS
Art.Import.RedRift_Ground_Cracked_01.png,PASS
Art.Import.RedRift_Ground_Cracked_02.png,PASS
Art.Import.RedRift_Obsidian_01.png,PASS
BGM.Arbel.ExactClip,PASS
BGM.Arbel.LoopMixerPlaying,PASS
BGM.Arbel.SingleService,PASS
BGM.Battle.ExactClip,PASS
BGM.Battle.LoopMixerPlaying,PASS
BGM.Battle.SingleService,PASS
BGM.Bootstrap.ExactClip,PASS
BGM.Bootstrap.LoopMixerPlaying,PASS
BGM.Bootstrap.SingleService,PASS
BGM.Field_06_ScorchedTrail.ExactClip,PASS
BGM.Field_06_ScorchedTrail.LoopMixerPlaying,PASS
BGM.Field_06_ScorchedTrail.SingleService,PASS
BGM.Field_07_AshenReach.ExactClip,PASS
BGM.Field_07_AshenReach.LoopMixerPlaying,PASS
BGM.Field_07_AshenReach.SingleService,PASS
BGM.Field_08_RedRift.ExactClip,PASS
BGM.Field_08_RedRift.LoopMixerPlaying,PASS
BGM.Field_08_RedRift.SingleService,PASS
Battle.ExactSavedParty,PASS
Battle.ExistingSingleLizard,PASS
Battle.NormalAttackVictory,PASS
Battle.OnlyVictoryAdvanced,PASS
Battle.PartyFormationPreserved,PASS
Battle.SerinFoxDefault,PASS
Battle.SerinSelectedSharpshooter,PASS
Battle.StableStoryId,PASS
Battle.WitnessSeparateFromVictory,PASS
Capture.HUD.1280,PASS
Capture.HUD.1600,PASS
Capture.HUD.1920,PASS
Dialogue.main17_after_direction_01.NoBorrowedVoice,PASS
Dialogue.main17_after_direction_01.PortraitPolicy,PASS
Dialogue.main17_after_hearing_player_01.NoBorrowedVoice,PASS
Dialogue.main17_after_hearing_player_01.PortraitPolicy,PASS
Dialogue.main17_after_hearing_player_02.NoBorrowedVoice,PASS
Dialogue.main17_after_hearing_player_02.PortraitPolicy,PASS
Dialogue.main17_after_hearing_serin_01.NoBorrowedVoice,PASS
Dialogue.main17_after_hearing_serin_01.PortraitPolicy,PASS
Dialogue.main17_compare_player_01.NoBorrowedVoice,PASS
Dialogue.main17_compare_player_01.PortraitPolicy,PASS
Dialogue.main17_compare_serin_01.NoBorrowedVoice,PASS
Dialogue.main17_compare_serin_01.PortraitPolicy,PASS
Dialogue.main17_crack_direction_01.NoBorrowedVoice,PASS
Dialogue.main17_crack_direction_01.PortraitPolicy,PASS
Dialogue.main17_crack_player_01.NoBorrowedVoice,PASS
Dialogue.main17_crack_player_01.PortraitPolicy,PASS
Dialogue.main17_resonance_hearing_player_01.NoBorrowedVoice,PASS
Dialogue.main17_resonance_hearing_player_01.PortraitPolicy,PASS
Dialogue.main17_resonance_hearing_player_02.NoBorrowedVoice,PASS
Dialogue.main17_resonance_hearing_player_02.PortraitPolicy,PASS
Dialogue.main17_resonance_hearing_serin_01.NoBorrowedVoice,PASS
Dialogue.main17_resonance_hearing_serin_01.PortraitPolicy,PASS
Dialogue.main17_route_direction_01.NoBorrowedVoice,PASS
Dialogue.main17_route_direction_01.PortraitPolicy,PASS
Dialogue.main17_route_serin_01.NoBorrowedVoice,PASS
Dialogue.main17_route_serin_01.PortraitPolicy,PASS
Dialogue.main17_serin_player_01.NoBorrowedVoice,PASS
Dialogue.main17_serin_player_01.PortraitPolicy,PASS
Dialogue.main17_serin_serin_01.NoBorrowedVoice,PASS
Dialogue.main17_serin_serin_01.PortraitPolicy,PASS
Dialogue.main17_tracks_direction_01.NoBorrowedVoice,PASS
Dialogue.main17_tracks_direction_01.PortraitPolicy,PASS
Dialogue.main17_tracks_miel_01.ActiveCompanionOnly,PASS
Dialogue.main17_tracks_miel_01.NoBorrowedVoice,PASS
Dialogue.main17_tracks_miel_01.PortraitPolicy,PASS
Dialogue.main17_tracks_player_01.NoBorrowedVoice,PASS
Dialogue.main17_tracks_player_01.PortraitPolicy,PASS
Dialogue.main17_vibration_hearing_player_01.NoBorrowedVoice,PASS
Dialogue.main17_vibration_hearing_player_01.PortraitPolicy,PASS
Dialogue.main17_vibration_hearing_player_02.NoBorrowedVoice,PASS
Dialogue.main17_vibration_hearing_player_02.PortraitPolicy,PASS
Dialogue.main17_vibration_hearing_serin_01.NoBorrowedVoice,PASS
Dialogue.main17_vibration_hearing_serin_01.PortraitPolicy,PASS
Dialogue.main17_withdraw_player_01.NoBorrowedVoice,PASS
Dialogue.main17_withdraw_player_01.PortraitPolicy,PASS
Dialogue.main17_withdraw_serin_01.NoBorrowedVoice,PASS
Dialogue.main17_withdraw_serin_01.PortraitPolicy,PASS
Dialogue.main17_witness_direction_01.NoBorrowedVoice,PASS
Dialogue.main17_witness_direction_01.PortraitPolicy,PASS
Dialogue.main17_witness_serin_01.NoBorrowedVoice,PASS
Dialogue.main17_witness_serin_01.PortraitPolicy,PASS
Field07.NoImmediateReturn,PASS
Field07.ReturnSpawnRestored,PASS
Field07.SpawnSeparated,PASS
Field07.TwoTransitions,PASS
Field08.Bounds21x15,PASS
Field08.Camera,PASS
Field08.DeepWestClosed,PASS
Field08.EastOnlyTransition,PASS
Field08.NoImmediateReturn,PASS
Field08.SpawnRestored,PASS
Field_07_AshenReach.ActualGeneralContext,PASS
Field_07_AshenReach.Explore.Clip,PASS
Field_07_AshenReach.Explore.Mixer,PASS
Field_07_AshenReach.Explore.PlayingLoopGain,PASS
Field_07_AshenReach.Explore.SingleSource,PASS
Field_07_AshenReach.FadeOutIntermediate,PASS
Field_07_AshenReach.FieldFadeInIntermediate,PASS
Field_07_AshenReach.GeneralBattle.Clip,PASS
Field_07_AshenReach.GeneralBattle.Mixer,PASS
Field_07_AshenReach.GeneralBattle.PlayingLoopGain,PASS
Field_07_AshenReach.GeneralBattle.SingleSource,PASS
Field_07_AshenReach.Return.Clip,PASS
Field_07_AshenReach.Return.Mixer,PASS
Field_07_AshenReach.Return.PlayingLoopGain,PASS
Field_07_AshenReach.Return.SingleSource,PASS
Field_08_RedRift.ActualGeneralContext,PASS
Field_08_RedRift.Explore.Clip,PASS
Field_08_RedRift.Explore.Mixer,PASS
Field_08_RedRift.Explore.PlayingLoopGain,PASS
Field_08_RedRift.Explore.SingleSource,PASS
Field_08_RedRift.FadeOutIntermediate,PASS
Field_08_RedRift.FieldFadeInIntermediate,PASS
Field_08_RedRift.GeneralBattle.Clip,PASS
Field_08_RedRift.GeneralBattle.Mixer,PASS
Field_08_RedRift.GeneralBattle.PlayingLoopGain,PASS
Field_08_RedRift.GeneralBattle.SingleSource,PASS
Field_08_RedRift.Return.Clip,PASS
Field_08_RedRift.Return.Mixer,PASS
Field_08_RedRift.Return.PlayingLoopGain,PASS
Field_08_RedRift.Return.SingleSource,PASS
Gate.LockedBeforeMain16,PASS
Gate.OpenAfterMain16,PASS
Input.NoSameFrameNextInvestigation,PASS
Main17.Available,PASS
MissingScript.Battle=0,PASS
MissingScript.Field_07_AshenReach=0,PASS
MissingScript.Field_08_RedRift=0,PASS
Navigation.ArbelWestRoute,PASS
Navigation.Field06WestRoute,PASS
Protection.3075.NoMissing,PASS
Protection.OriginalPNG.WAV.Unchanged,PASS
Protection.Transforms425.Colliders15,PASS
QA.IsolationCleanEditMode,PASS
Regression.Main16CanyonStillWorks,PASS
Regression.NoEarlyMain17,PASS
Regression.itemButton.CancelRestored,PASS
Regression.itemButton.FocusInside,PASS
Regression.itemButton.HiddenInputBlocked,PASS
Regression.skillButton.CancelRestored,PASS
Regression.skillButton.FocusInside,PASS
Regression.skillButton.HiddenInputBlocked,PASS
Resolver.Chapter1Preserved,PASS
Resolver.General.Field_04_WesternBorder,PASS
Resolver.General.Field_05_WesternOutskirts,PASS
Resolver.General.Field_06_ScorchedTrail,PASS
Resolver.General.Field_07_AshenReach,PASS
Resolver.General.Field_08_RedRift,PASS
Resolver.UnknownBossNotForced,PASS
Resolver.WardenPriority,PASS
Save.GeneralRespawnProtocolAfterSameProcessContinue,PASS
Save.GeneralRespawnProtocolBefore,PASS
Save.NoAutomaticRebattle,PASS
Save.NoWinKeptObjective,PASS
Save.SerinSelectedFixture,PASS
Save.after-victory.BeastExact,PASS
Save.after-victory.ContinueButton,PASS
Save.after-victory.DerivedSitesOnce,PASS
Save.after-victory.PartyFormationExact,PASS
Save.after-victory.PathSerinPermanent,PASS
Save.after-victory.QuestExact,PASS
Save.after-victory.ScenePosition,PASS
Save.after-victory.WriteIsolated,PASS
Save.before-witness.BeastExact,PASS
Save.before-witness.ContinueButton,PASS
Save.before-witness.DerivedSitesOnce,PASS
Save.before-witness.PartyFormationExact,PASS
Save.before-witness.PathSerinPermanent,PASS
Save.before-witness.QuestExact,PASS
Save.before-witness.ScenePosition,PASS
Save.before-witness.WriteIsolated,PASS
Save.completed.BeastExact,PASS
Save.completed.ContinueButton,PASS
Save.completed.DerivedSitesOnce,PASS
Save.completed.PartyFormationExact,PASS
Save.completed.PathSerinPermanent,PASS
Save.completed.QuestExact,PASS
Save.completed.ScenePosition,PASS
Save.completed.WriteIsolated,PASS
Save.entry.BeastExact,PASS
Save.entry.ContinueButton,PASS
Save.entry.DerivedSitesOnce,PASS
Save.entry.PartyFormationExact,PASS
Save.entry.PathSerinPermanent,PASS
Save.entry.QuestExact,PASS
Save.entry.ScenePosition,PASS
Save.entry.WriteIsolated,PASS
Save.retry-before-victory.BeastExact,PASS
Save.retry-before-victory.ContinueButton,PASS
Save.retry-before-victory.DerivedSitesOnce,PASS
Save.retry-before-victory.PartyFormationExact,PASS
Save.retry-before-victory.PathSerinPermanent,PASS
Save.retry-before-victory.QuestExact,PASS
Save.retry-before-victory.ScenePosition,PASS
Save.retry-before-victory.WriteIsolated,PASS
Scene.Arbel,PASS
Scene.Battle,PASS
Scene.Bootstrap,PASS
Scene.Field_06_ScorchedTrail,PASS
Scene.Field_07_AshenReach,PASS
Scene.Field_08_RedRift,PASS
Source.Blade.Unchanged,PASS
Source.Hash.Manifest.txt,PASS
Source.Hash.RedRift_AshPatch_01.png,PASS
Source.Hash.RedRift_Canyon_Edge_01.png,PASS
Source.Hash.RedRift_DeadShrub_01.png,PASS
Source.Hash.RedRift_Fissure_Edge.png,PASS
Source.Hash.RedRift_Fissure_Glow.png,PASS
Source.Hash.RedRift_Ground_Base.png,PASS
Source.Hash.RedRift_Ground_Cracked_01.png,PASS
Source.Hash.RedRift_Ground_Cracked_02.png,PASS
Source.Hash.RedRift_Obsidian_01.png,PASS
Source.ZIP.Unchanged,PASS
Story.Complete.1,PASS
Story.Complete.10,PASS
Story.Complete.11,PASS
Story.Complete.2,PASS
Story.Complete.3,PASS
Story.Complete.4,PASS
Story.Complete.5,PASS
Story.Complete.6,PASS
Story.Complete.7,PASS
Story.Complete.9,PASS
Story.Main17Completed,PASS
Story.NoDuplicate.1,PASS
Story.NoDuplicate.2,PASS
Story.NoDuplicate.3,PASS
Story.NoDuplicate.4,PASS
Story.NoDuplicate.5,PASS
Story.NoDuplicate.6,PASS
Story.NoEarlyProgress.1,PASS
Story.NoEarlyProgress.2,PASS
Story.NoEarlyProgress.3,PASS
Story.NoEarlyProgress.4,PASS
Story.NoEarlyProgress.5,PASS
Story.NoEarlyProgress.6,PASS
Story.Open.1,PASS
Story.Open.10,PASS
Story.Open.11,PASS
Story.Open.2,PASS
Story.Open.3,PASS
Story.Open.4,PASS
Story.Open.5,PASS
Story.Open.6,PASS
Story.Open.7,PASS
Story.Open.9,PASS
Story.RosterFormationPreserved,PASS
Story.SerinOfficialAnimator,PASS
Story.StartAndEntry,PASS
Story.WitnessReady,PASS
Visual.BackgroundCameraCapture.1280,PASS
Visual.BackgroundCameraCapture.1600,PASS
Visual.BackgroundCameraCapture.1920,PASS
Visual.CameraViewportInsideBounds,PASS
Visual.DeepRiftCollision,PASS
Visual.HUDReview.1280,PASS
Visual.HUDReview.1600,PASS
Visual.HUDReview.1920,PASS
Visual.NorthSouthDetourClear,PASS
