stable_id,speaker,speaker_id,text,source_wav,unity_asset,clip_name,guid,sample_rate,channels,bit_depth,duration,sha256,pcm_sha256,user_listening,automatic_qa,previous_csv_listening
main05_miel_supp_001,미엘,companion_miel,무언가를 피해서 내려오고 있는 것 같아요.,Limitless_TTS_Regen_Main05_5/main05_miel_supp_001.wav,Unity/Client/Assets/_Project/Audio/Voice/Story/Main05/main05_miel_supp_001.wav,main05_miel_supp_001,25bf6448d0ef95440acce32e564d5647,24000,1,16,3.32,ad0cb19d1c6b7ac9dff4fd98e418cacf790b605c5a0ff03867bd4999ae1b7d30,ba0c490af80c151a153b960b10b8e6126310dc4cbcdb5bf2a65d4d3f8e262eda,PASS_LATEST_USER_REQUEST,PASS,FAIL
main05_taeon_supp_002,태온,companion_taeon,"저도 이 움직임이
어디서 시작됐는지 확인하고 싶습니다.",Limitless_TTS_Regen_Main05_5/main05_taeon_supp_002.wav,Unity/Client/Assets/_Project/Audio/Voice/Story/Main05/main05_taeon_supp_002.wav,main05_taeon_supp_002,b48a7ef6325de664f9cc8de19ad9b729,24000,1,16,4.96,a07dc4abf6de04ad4d744b894c46e6e7f8476e6619cacbb40e002d3e49f96993,659d13d7da1a4c5cb75c10cb68d02c9f746b02f8d363858ea39559dea8bb2c81,PASS_LATEST_USER_REQUEST,PASS,PASS
main05_taeon_supp_003,태온,companion_taeon,"괜찮으시다면…
조금 더 함께 가겠습니다.",Limitless_TTS_Regen_Main05_5/main05_taeon_supp_003.wav,Unity/Client/Assets/_Project/Audio/Voice/Story/Main05/main05_taeon_supp_003.wav,main05_taeon_supp_003,214a4ae0abdd7944095eb85ed5e23b1b,24000,1,16,3.8,5c785f1111c3fe6b1cd001e80b5ea7e5860d17de8fa8a4b7acb1dbe77869a4e5,99e06147d6a0cc85bc9041627a2ceabe20cca5d0680389b17482ac0dd7450504,PASS_LATEST_USER_REQUEST,PASS,PASS
main05_miel_supp_002,미엘,companion_miel,"이대로 두면
다치는 사람이 더 생길 겁니다.",Limitless_TTS_Regen_Main05_5/main05_miel_supp_002.wav,Unity/Client/Assets/_Project/Audio/Voice/Story/Main05/main05_miel_supp_002.wav,main05_miel_supp_002,26ff1e3155ece364ab5eef1fcf1d522a,24000,1,16,3.88,0c049b8137cc63759506bb4085c555a1afd281adc4e4b8d20dd5b8718a3ef112,865a2368c01471b1fdcdec627b82eb587d7fb5e8e88557eb856579d6b3eca3f4,PASS_LATEST_USER_REQUEST,PASS,PASS
main05_miel_supp_003,미엘,companion_miel,"저도 같이 가겠습니다.
제가 할 수 있는 일이 있을 거예요.",Limitless_TTS_Regen_Main05_5/main05_miel_supp_003.wav,Unity/Client/Assets/_Project/Audio/Voice/Story/Main05/main05_miel_supp_003.wav,main05_miel_supp_003,f044a709c1d02394bbaa849ef7eec8fe,24000,1,16,4.72,c07cba8f46aa85ba2cff4536e62508d0d4865f80ddbef0e3b3866b2a63ba7e15,236cb5780dae6e66b55ef24f5a2754d0dedb9275f25d645b9c16c772aca59e07,PASS_LATEST_USER_REQUEST,PASS,PASS
