DialogueId,Speaker,VoiceId,UserListening,Unity,Runtime,SHA256,GUID,Duration,SampleRate,Channels,BitDepth,RuntimeMaxPCMError
main17_after_default_serin_01,companion_serin,Schedar,USER_LISTENED_PASS,UNITY_APPLIED,RUNTIME_VERIFIED,ea7224a9e4c3ee227e281de8c52099593776942c0b2bca1b1ece71db68cdb074,bde9d657b699d7042be35e736b206dd4,4.56,24000,1,16,0
main17_after_hearing_serin_01,companion_serin,Schedar,USER_LISTENED_PASS,UNITY_APPLIED,RUNTIME_VERIFIED,148eb00288cdd4a15213a961660e07ffbbe4c5c0e60c5c8d70af8c98e26776bf,f240dcbe6211ead4b9538bf7c9427f23,5.8,24000,1,16,0
main17_compare_paul_01,companion_paul,Achird,USER_LISTENED_PASS,UNITY_APPLIED,RUNTIME_VERIFIED,cbe4003398bf344f3287e839ce56dd672dc9c98f87af4c8d5be3f7c8e7b4c2a8,5948cbc606113334ea61b68f645cf198,5.44,24000,1,16,0
main17_compare_serin_01,companion_serin,Schedar,USER_LISTENED_PASS,UNITY_APPLIED,RUNTIME_VERIFIED,493f6bc68bbb17a691e189a34a6111830f9def7828620fe95e8c921a7a4363a5,2735cb18045ebfa49a65d6ae86e6c47b,11.36,24000,1,16,0
main17_resonance_default_serin_01,companion_serin,Schedar,USER_LISTENED_PASS,UNITY_APPLIED,RUNTIME_VERIFIED,825eabf78f9e75308aaaebbb63cdc3fc1bc8da333f052518b7d57aebd710a8c5,aadb44f698158fe4eb149237746dabf8,7.0,24000,1,16,0
main17_resonance_hearing_serin_01,companion_serin,Schedar,USER_LISTENED_PASS,UNITY_APPLIED,RUNTIME_VERIFIED,d64087fbbeba21a62ee64fa85fb2f66ed86d02f723d9ee2cfacf03e9a453e2cd,e9bf96c8284389d438b27444063097de,6.8,24000,1,16,0
main17_route_serin_01,companion_serin,Schedar,USER_LISTENED_PASS,UNITY_APPLIED,RUNTIME_VERIFIED,8a4e6ca888aa7bcd65a224283627e6a2f6a3e1c888a34e8dc0bfa4ddfcc0a248,8b58322de4907954ab76c41e95890708,7.28,24000,1,16,0
main17_serin_serin_01,companion_serin,Schedar,USER_LISTENED_PASS,UNITY_APPLIED,RUNTIME_VERIFIED,373698f45e716f51eeb0d128bb63f364d9d41acadcb26cc558019cb5f7a9bdb6,d14313c8cc195084db35cc884c0d02bc,9.0,24000,1,16,0
main17_tracks_miel_01,companion_miel,Sulafat,USER_LISTENED_PASS,UNITY_APPLIED,RUNTIME_VERIFIED,d5b78a7c9b21eef27c68d2e86208e5b13cb5510a0df0758660fa0aabba5381b0,f7a62e5d85e7e07409e6b40b87f63843,2.72,24000,1,16,0
main17_vibration_default_serin_01,companion_serin,Schedar,USER_LISTENED_PASS,UNITY_APPLIED,RUNTIME_VERIFIED,83ddaddfeecd5a837f4a791898c126243cf1cb93fa307330f5f916171bb2760e,d46d06f81bbd50648b81b43329d94eb1,7.48,24000,1,16,0
main17_vibration_hearing_serin_01,companion_serin,Schedar,USER_LISTENED_PASS,UNITY_APPLIED,RUNTIME_VERIFIED,f439a43738bd6e89b30cf59113b4dcaf15fd000e07e60d441ecd74400b059d32,ec1e34dca0a987e479eaf6b95552d136,7.68,24000,1,16,0
main17_withdraw_serin_01,companion_serin,Schedar,USER_LISTENED_PASS,UNITY_APPLIED,RUNTIME_VERIFIED,f7fc8ef5b56a0605184c6c4139db9b15506dfee7c7d76fc6f4ecebf6a2668a28,e6a90a4116a129d4496dda10a2b34e4f,5.16,24000,1,16,0
main17_withdraw_taeon_01,companion_taeon,Gacrux,USER_LISTENED_PASS,UNITY_APPLIED,RUNTIME_VERIFIED,520ee5dd04c575c4dc136ae6a84e8549949e0d4bd77d94a302eb9a9853cd3091,01d7f1df5ffd0b3489b7eca142bd810c,5.8,24000,1,16,0
main17_witness_serin_01,companion_serin,Schedar,USER_LISTENED_PASS,UNITY_APPLIED,RUNTIME_VERIFIED,bce3cf5f36894359e2b9694d2063f9decec03cd01d8b9832b816c9a7fabbe0f5,ec27746366a53e0438b401b200dbc7ff,5.12,24000,1,16,0
