order,dialogue_id,speaker,runtime_text,source,unity_asset_path,guid,sha256,pcm_hash,old_sha256,sample_rate,channels,bit_depth,duration,rms_dbfs,peak_dbfs,clipped_samples,metadata,source_listening,runtime_playback,runtime_listening,pcm_samples,pcm_max_error,trace
1,main04_miel_supp_001,companion_miel,"조금만 참으세요.
출혈은 멎었습니다.",Limitless_TTS_Regen_Main04_FirstEncounter_9/main04_miel_supp_001.wav,Assets/_Project/Audio/Voice/Story/Main04/main04_miel_supp_001.wav,e0fff6b9e1ff1ce438e69bc2582506a8,e1ba067bd91ef10ed9e92cf6efaa0a8a4fd118c6970a826e2189229d62c31ea7,7f226c0706fbca675ff2a0f1e6ce3320efb00916beadf2270bfbc6d7efd68d77,4f7985fe337e71ace9cf935d6f50c840a79bc8fa13c4ba7ab8f0971463e75801,24000,1,16,3.68,-17.647546190211433,-1.404389582237153,0,METADATA_PASS,USER_LISTENING_PASS;REGEN_REPORT USER_CONFIRMED_PASS,RUNTIME_PLAYBACK_PASS,RUNTIME_LISTENING_PASS;USER_CONFIRMED 2026-10-06,88320,0,TRACE order=1 id=main04_miel_supp_001 speaker=companion_miel resolved=main04_miel_supp_001 source=main04_miel_supp_001 start=7321.8191103 duration=3.68 naturalStop=7325.5350807 lastTimeSample=88064 manualNextAvailable=immediate_skip_policy autoNext=false
2,main04_taeon_supp_001,companion_taeon,괜찮으십니까?,Limitless_TTS_Regen_Main04_FirstEncounter_9/main04_taeon_supp_001.wav,Assets/_Project/Audio/Voice/Story/Main04/main04_taeon_supp_001.wav,32b0b29db4708a24cb9df2b73f45e3e3,6f3f59dd7360c54c22df5cb49db6e0478bb1ae494aff811b8a519d4898315ecf,9096236953ba40636d0cc5c6771ec9c0b68f3035c857c56664fe044c5f14b8b1,7985be7ddeeeaecbdf7675922abf1b74dff42aa595c176502166acac3a1846c2,24000,1,16,1.72,-19.337459832272444,-2.6477791605744945,0,METADATA_PASS,USER_LISTENING_PASS;REGEN_REPORT USER_CONFIRMED_PASS,RUNTIME_PLAYBACK_PASS,RUNTIME_LISTENING_PASS;USER_CONFIRMED 2026-10-06,41280,0,TRACE order=2 id=main04_taeon_supp_001 speaker=companion_taeon resolved=main04_taeon_supp_001 source=main04_taeon_supp_001 start=7326.2972192 duration=1.72 naturalStop=7328.0591997 lastTimeSample=40448 manualNextAvailable=immediate_skip_policy autoNext=false
3,main04_miel_supp_002,companion_miel,저보다 이분이 먼저예요.,Limitless_TTS_Regen_Main04_FirstEncounter_9/main04_miel_supp_002.wav,Assets/_Project/Audio/Voice/Story/Main04/main04_miel_supp_002.wav,f4e868d47984fa14fbe9b8d9376c1524,2fb1425e82c9f4d5d609b9d90fc3619bef32ec6fbc2a02a42ee2b3a79ed5e676,614f00716a11f63953ee8f0ecf2adbb0408bc1561d97875637baa5a5b39b11bc,52c44f9a72449e580358e4397dbd21294ebcc28ad995e8f545818ec10d6f6307,24000,1,16,2.16,-17.55138631488307,-2.273752656457852,0,METADATA_PASS,USER_LISTENING_PASS;REGEN_REPORT USER_CONFIRMED_PASS,RUNTIME_PLAYBACK_PASS,RUNTIME_LISTENING_PASS;USER_CONFIRMED 2026-10-06,51840,0,TRACE order=3 id=main04_miel_supp_002 speaker=companion_miel resolved=main04_miel_supp_002 source=main04_miel_supp_002 start=7328.8077562 duration=2.16 naturalStop=7331.0063515 lastTimeSample=51712 manualNextAvailable=immediate_skip_policy autoNext=false
4,main04_taeon_supp_002,companion_taeon,당신도 다친 것 같은데요.,Limitless_TTS_Regen_Main04_FirstEncounter_9/main04_taeon_supp_002.wav,Assets/_Project/Audio/Voice/Story/Main04/main04_taeon_supp_002.wav,f947e47f07a49304082926e9299a95d0,28f223b9d7ca404cc5052027649cb74fa28184c3d2fc092616cc433a31a6cd07,a812500c32215aa4dc921a623d10f3c38b3a3bf7aed2edb0550b6f218cf52469,c49a6affec6aa8532bdd9b2e692d498179d92af4b4d6e655fe115b082d3deb10,24000,1,16,2.72,-16.730226010249854,-2.385011757279632,0,METADATA_PASS,USER_LISTENING_PASS;REGEN_REPORT USER_CONFIRMED_PASS,RUNTIME_PLAYBACK_PASS,RUNTIME_LISTENING_PASS;USER_CONFIRMED 2026-10-06,65280,0,TRACE order=4 id=main04_taeon_supp_002 speaker=companion_taeon resolved=main04_taeon_supp_002 source=main04_taeon_supp_002 start=7331.7537972 duration=2.72 naturalStop=7334.4951409 lastTimeSample=64512 manualNextAvailable=immediate_skip_policy autoNext=false
5,main04_miel_supp_003,companion_miel,"알아요.
그래도 아직 움직일 수 있어요.",Limitless_TTS_Regen_Main04_FirstEncounter_9/main04_miel_supp_003.wav,Assets/_Project/Audio/Voice/Story/Main04/main04_miel_supp_003.wav,396d1adfa28d2c045919d3a43cd56438,fc0c804321c31d58589817fb5e4b8f003dcb84c05372ba874ee3ae6cd029dbb8,db841321c3a6aa17d63a8e7a2eb60b36e766be6437b5836120b987b8de97374f,31d777b0c37a1438dd013fe627e0ef005b23d5a39a0b0e34ac82dc3dcefcfe1a,24000,1,16,3.76,-20.355086477171575,-2.879144527676356,0,METADATA_PASS,USER_LISTENING_PASS;REGEN_REPORT USER_CONFIRMED_PASS,RUNTIME_PLAYBACK_PASS,RUNTIME_LISTENING_PASS;USER_CONFIRMED 2026-10-06,90240,0,TRACE order=5 id=main04_miel_supp_003 speaker=companion_miel resolved=main04_miel_supp_003 source=main04_miel_supp_003 start=7335.2437136 duration=3.76 naturalStop=7339.0437056 lastTimeSample=89600 manualNextAvailable=immediate_skip_policy autoNext=false
7,main04_miel_supp_004,companion_miel,"몬스터들에게 습격받았습니다.
그런데 조금 이상했어요.",Limitless_TTS_Regen_Main04_FirstEncounter_9/main04_miel_supp_004.wav,Assets/_Project/Audio/Voice/Story/Main04/main04_miel_supp_004.wav,e2426b334db36754a9d9b3d6ead414cc,5d3562fc556b7aaefb488cff1e24a88f269ab36c4b518ea7c4f37a3b95fdc714,ae6ff9d915837f5ed9880ef4f42179787f6fbada93a221e1cfd226c7c8a715ee,1984ffeb6bda6a680e84d7aa7844fbfc7b894d347430e79024dbcae5efcc86bd,24000,1,16,5.4,-16.02296067045734,-0.9340789141210026,0,METADATA_PASS,USER_LISTENING_PASS;REGEN_REPORT USER_CONFIRMED_PASS,RUNTIME_PLAYBACK_PASS,RUNTIME_LISTENING_PASS;USER_CONFIRMED 2026-10-06,129600,0,TRACE order=7 id=main04_miel_supp_004 speaker=companion_miel resolved=main04_miel_supp_004 source=main04_miel_supp_004 start=7340.054454 duration=5.4 naturalStop=7345.515904 lastTimeSample=129536 manualNextAvailable=immediate_skip_policy autoNext=false
8,main04_miel_supp_005,companion_miel,"처음부터 사람을 노리고
온 것 같지는 않았습니다.",Limitless_TTS_Regen_Main04_FirstEncounter_9/main04_miel_supp_005.wav,Assets/_Project/Audio/Voice/Story/Main04/main04_miel_supp_005.wav,3c3dba5e74d6ec241b4958fc79a34310,d44dace76e3662051413eaaed34556fd07ffc45b07257d4d8dee3e7b5dec6140,da90f61448c411f25795dce31a4792d38fbe0c56b669d86653b1ea3d93252df7,dd3b9d1180671bd3a4848f09c83fad85c27b35096ee585c8cdd6d02cc4584733,24000,1,16,3.88,-19.745296834477553,-2.551240472717798,0,METADATA_PASS,USER_LISTENING_PASS;REGEN_REPORT USER_CONFIRMED_PASS,RUNTIME_PLAYBACK_PASS,RUNTIME_LISTENING_PASS;USER_CONFIRMED 2026-10-06,93120,0,TRACE order=8 id=main04_miel_supp_005 speaker=companion_miel resolved=main04_miel_supp_005 source=main04_miel_supp_005 start=7346.2282148 duration=3.88 naturalStop=7350.1575554 lastTimeSample=92672 manualNextAvailable=immediate_skip_policy autoNext=false
9,main04_taeon_supp_003,companion_taeon,무언가를 피하고 있었습니까?,Limitless_TTS_Regen_Main04_FirstEncounter_9/main04_taeon_supp_003.wav,Assets/_Project/Audio/Voice/Story/Main04/main04_taeon_supp_003.wav,d1cef965a60b4994a9efc9355fb3e79b,79f340ff378fa7b3eebd3542e706e1c71402f37f2ce9c4c9db4233da04e54828,cff54892071eacc28d84d7d52709ac46877d548b99188488b2a3bab8ba6d8357,d558546ac0dec7aa4acac3d99f6300d9b82c76106c19662601d125d6ef2686d1,24000,1,16,2.56,-19.088530464744732,-3.1969036800182766,0,METADATA_PASS,USER_LISTENING_PASS;REGEN_REPORT USER_CONFIRMED_PASS,RUNTIME_PLAYBACK_PASS,RUNTIME_LISTENING_PASS;USER_CONFIRMED 2026-10-06,61440,0,TRACE order=9 id=main04_taeon_supp_003 speaker=companion_taeon resolved=main04_taeon_supp_003 source=main04_taeon_supp_003 start=7350.87006 duration=2.56 naturalStop=7353.4495099 lastTimeSample=60416 manualNextAvailable=immediate_skip_policy autoNext=false
10,main04_miel_supp_006,companion_miel,"네.
갑자기 길을 가로막게 되자
공격한 것처럼 보였어요.",Limitless_TTS_Regen_Main04_FirstEncounter_9/main04_miel_supp_006.wav,Assets/_Project/Audio/Voice/Story/Main04/main04_miel_supp_006.wav,96e329a599d28f746b02246d49b2683f,d77657b1143e1aa5f7fc691764b8ccc373e1dcff3ae1506d7c74167c6d3d120c,024dc9b28bc990e956f9a5f4fec6101ea35f24d6bffa87917be6eb1c42e7cc1e,4a583011800ae4ab50d8a41fa19183cafe62a129e7a785defde5d3fb6f245f27,24000,1,16,5.8,-17.591060410948995,-3.555820878671513,0,METADATA_PASS,USER_LISTENING_PASS;REGEN_REPORT USER_CONFIRMED_PASS,RUNTIME_PLAYBACK_PASS,RUNTIME_LISTENING_PASS;USER_CONFIRMED 2026-10-06,139200,0,TRACE order=10 id=main04_miel_supp_006 speaker=companion_miel resolved=main04_miel_supp_006 source=main04_miel_supp_006 start=7354.196277 duration=5.8 naturalStop=7360.0014781 lastTimeSample=138240 manualNextAvailable=immediate_skip_policy autoNext=false
