Page,DialogueId,SpeakerId,ExactText,VoiceExpected,BeforeID,CurrentState
1,main07_taeon_supp_001,companion_taeon,수레가 지나간 흔적은 아닌 것 같습니다.,true,main07_taeon_supp_001,EXISTING_RESOLVED
2,main07_taeon_supp_002,companion_taeon,폭이 일정하고… 한쪽이 계속 더 깊게 눌려 있어요.,true,main07_taeon_supp_002,EXISTING_RESOLVED
3,main07_miel_supp_001,companion_miel,누군가 이쪽으로 지나간 것 같네요.,true,main07_miel_supp_001,EXISTING_RESOLVED
4,,player,따라가 보죠.,false,,NOT_EXPECTED
5,main07_miel_supp_002,companion_miel,이분을 그냥 두고 갈 수는 없어요. 제가 상태를 볼게요.,true,main07_miel_supp_002,EXISTING_RESOLVED
6,main07_taeon_supp_003,companion_taeon,혼자 괜찮겠습니까?,true,main07_taeon_supp_003,EXISTING_RESOLVED
7,main07_miel_supp_003,companion_miel,네. 두 분은 흔적을 확인해주세요.,true,main07_miel_supp_003,EXISTING_RESOLVED
8,main07_miel_supp_004,companion_miel,상황이 안 좋으면 바로 돌아오시고요.,true,main07_miel_supp_004,EXISTING_RESOLVED
9,main07_paul_001,companion_paul,"아, 사람이다. 반갑습니다. 진짜로요.",true,main07_paul_001,EXISTING_RESOLVED
10,main07_paul_002,companion_paul,원래 계획은 저 진흙을 피해 가는 거였는데요.,true,main07_paul_002,EXISTING_RESOLVED
11,main07_paul_003,companion_paul,보시다시피 계획이 아주 성공적입니다.,true,main07_paul_003,EXISTING_RESOLVED
12,main07_taeon_001,companion_taeon,바퀴가 빠지셨는데요.,true,main07_taeon_001,EXISTING_RESOLVED
13,main07_paul_004,companion_paul,"네, 그러게요. 그것도 아주 깊~게요...;;",true,main07_paul_004,EXISTING_RESOLVED
14,main07_paul_005,companion_paul,하여튼 바로 잡아당기시면 안 됩니다. 그러면 앞바퀴까지 빠질 거예요.,true,main07_paul_005,EXISTING_RESOLVED
15,main07_paul_006,companion_paul,저쪽에 넓은 돌 보이시죠? 그걸 오른쪽 바퀴 뒤에 받쳐주시고요.,true,main07_paul_006,EXISTING_RESOLVED
16,main07_paul_007,companion_paul,제가 바퀴를 돌릴 때 같이 밀면 될 것 같습니다.,true,main07_paul_007,EXISTING_RESOLVED
17,main07_taeon_002,companion_taeon,옵니다.,true,main07_taeon_002,EXISTING_RESOLVED
18,main07_paul_008,companion_paul,아… 저건 계획에 없었는데요.,true,main07_paul_008,EXISTING_RESOLVED
19,main07_paul_009,companion_paul,"뭐, 바퀴가 안 움직이는 거지 마법까지 안 나가는 건 아니니까요.",true,main07_paul_009,EXISTING_RESOLVED
20,main07_paul_010,companion_paul,후우… 됐네요.,true,main07_paul_010,EXISTING_RESOLVED
21,main07_paul_011,companion_paul,다음에는 저 길로 안 갑니다. 경험을 했으면 계획을 수정해야죠.,true,main07_paul_011,EXISTING_RESOLVED
22,main07_paul_012,companion_paul,"아, 도와주셔서 감사합니다. 저는 폴이라고 합니다.",true,main07_paul_012,EXISTING_RESOLVED
23,main07_paul_013,companion_paul,저도 이 숲을 좀 조사하고 있었습니다.,true,main07_paul_013,EXISTING_RESOLVED
24,main07_paul_014,companion_paul,며칠 전부터 숲 안쪽의 마력 흐름이 평소랑 달라졌거든요.,true,main07_paul_014,EXISTING_RESOLVED
25,main07_paul_015,companion_paul,처음에는 별일 아닌 줄 알았는데… 몬스터들 움직임까지 달라지는 걸 보고 생각이 바뀌었습니다.,true,main07_paul_015,EXISTING_RESOLVED
26,main07_taeon_003,companion_taeon,저희도 같은 현상을 따라 여기까지 왔습니다.,true,main07_taeon_003,EXISTING_RESOLVED
27,main07_paul_016,companion_paul,"그러면 제가 진흙에 빠진 건 몰라도, 방향은 제대로 잡은 것 같네요.",true,main07_paul_016,EXISTING_RESOLVED
28,main07_miel_001,companion_miel,돌아오셨네요. 그리고… 처음 보는 분도 계시네요.,true,main07_miel_001,EXISTING_RESOLVED
29,main07_paul_017,companion_paul,폴이라고 합니다.,true,main07_paul_017,EXISTING_RESOLVED
30,main07_paul_018,companion_paul,원래는 조금 더 멀쩡한 모습으로 처음 뵐 예정이었는데요. 그늘숲이 협조를 안 해주더라고요.,true,main07_paul_018,EXISTING_RESOLVED
31,main07_miel_002,companion_miel,혹시 다치신 곳은 없으세요?,true,main07_miel_002,EXISTING_RESOLVED
32,main07_paul_019,companion_paul,저는 괜찮습니다. 저분부터 봐주세요.,true,main07_paul_019,EXISTING_RESOLVED
33,main07_miel_003,companion_miel,저분은 이제 괜찮으세요. 그러니까 폴 씨도 확인해야죠.,true,main07_miel_003,EXISTING_RESOLVED
34,main07_paul_020,companion_paul,"…아, 순서가 벌써 제 차례인가요?",true,main07_paul_020,EXISTING_RESOLVED
35,main07_paul_supp_001,companion_paul,아무래도 저희가 보고 있는 게 같은 현상 같기는 하네요.,true,MISSING,TTS_REQUIRED
36,main07_paul_supp_002,companion_paul,그런데 저는 확인해볼 곳이 하나 더 있습니다.,true,MISSING,TTS_REQUIRED
37,,player,혼자 가시려고요?,false,,NOT_EXPECTED
38,main07_paul_supp_003,companion_paul,이번에는 진흙 없는 길로요.,true,MISSING,TTS_REQUIRED
39,main07_paul_supp_004,companion_paul,아까 충분히 배웠습니다. 헤헤.,true,MISSING,TTS_REQUIRED
40,main07_paul_supp_005,companion_paul,다시 만나게 되면 그때 정보부터 맞춰보죠.,true,MISSING,TTS_REQUIRED
