id_a,id_b,sha_equal,pcm_equal
main04_miel_supp_001,main04_taeon_supp_001,False,False
main04_miel_supp_001,main04_miel_supp_002,False,False
main04_miel_supp_001,main04_taeon_supp_002,False,False
main04_miel_supp_001,main04_miel_supp_003,False,False
main04_miel_supp_001,main04_miel_supp_004,False,False
main04_miel_supp_001,main04_miel_supp_005,False,False
main04_miel_supp_001,main04_taeon_supp_003,False,False
main04_miel_supp_001,main04_miel_supp_006,False,False
main04_taeon_supp_001,main04_miel_supp_002,False,False
main04_taeon_supp_001,main04_taeon_supp_002,False,False
main04_taeon_supp_001,main04_miel_supp_003,False,False
main04_taeon_supp_001,main04_miel_supp_004,False,False
main04_taeon_supp_001,main04_miel_supp_005,False,False
main04_taeon_supp_001,main04_taeon_supp_003,False,False
main04_taeon_supp_001,main04_miel_supp_006,False,False
main04_miel_supp_002,main04_taeon_supp_002,False,False
main04_miel_supp_002,main04_miel_supp_003,False,False
main04_miel_supp_002,main04_miel_supp_004,False,False
main04_miel_supp_002,main04_miel_supp_005,False,False
main04_miel_supp_002,main04_taeon_supp_003,False,False
main04_miel_supp_002,main04_miel_supp_006,False,False
main04_taeon_supp_002,main04_miel_supp_003,False,False
main04_taeon_supp_002,main04_miel_supp_004,False,False
main04_taeon_supp_002,main04_miel_supp_005,False,False
main04_taeon_supp_002,main04_taeon_supp_003,False,False
main04_taeon_supp_002,main04_miel_supp_006,False,False
main04_miel_supp_003,main04_miel_supp_004,False,False
main04_miel_supp_003,main04_miel_supp_005,False,False
main04_miel_supp_003,main04_taeon_supp_003,False,False
main04_miel_supp_003,main04_miel_supp_006,False,False
main04_miel_supp_004,main04_miel_supp_005,False,False
main04_miel_supp_004,main04_taeon_supp_003,False,False
main04_miel_supp_004,main04_miel_supp_006,False,False
main04_miel_supp_005,main04_taeon_supp_003,False,False
main04_miel_supp_005,main04_miel_supp_006,False,False
main04_taeon_supp_003,main04_miel_supp_006,False,False
