stable_id,speaker,speaker_id,dialogue,source_file,unity_asset,guid,duration,sample_rate,channels,sha256,pcm_sha256,old_sha256,status,runtime_reference,runtime_pcm_max_error
main04_miel_supp_009,미엘,companion_miel,"저도 볼 겁니다.
이번에는 순서대로요.",Limitless_TTS_Regen_Main04_LateSequence_5/main04_miel_supp_009.wav,Unity/Client/Assets/_Project/Audio/Voice/Story/Main04/main04_miel_supp_009.wav,fa9ec6a96bb329840be3727f31a9c598,3.84,24000,1,a6c706de3e6e8f4c3abd1a7ea03a8c7f0d2c641e0aeb963488ef00434772aec3,0f02218fa28f0e881bc3e889a303e4fbfb295a829427ce5a74fa18c674f5c8aa,4b9817cdf1df61435f70e39afb2eeac6242e35628c27555e829386d5d681bac9,REGENERATED;USER_LISTENED_PASS;UNITY_APPLIED;RUNTIME_VERIFIED,"StoryVoiceCatalog.Find(main04_miel_supp_009,companion_miel) -> DialoguePresenter -> VoicePlaybackSource.AudioSource.clip",0.0
main04_taeon_supp_006,태온,companion_taeon,"제가 본 움직임과
이곳에서 있었던 일까지 합치면…",Limitless_TTS_Regen_Main04_LateSequence_5/main04_taeon_supp_006.wav,Unity/Client/Assets/_Project/Audio/Voice/Story/Main04/main04_taeon_supp_006.wav,6dc204a95cf23ea418494ccc6c56a51a,5.44,24000,1,1e321bf6f5a6a2cf917f2ed3cdbd0468f41b4a966fa4858ffcc83bd3a110f9f2,d02a6ac98c9fa2af109aaeee2311625d3b8afbbe17e1b64cbab1d811ab9b4968,3373b9b988968d531a996e83a111153aa606e5829ce7d8610d23aff9238055ba,REGENERATED;USER_LISTENED_PASS;UNITY_APPLIED;RUNTIME_VERIFIED,"StoryVoiceCatalog.Find(main04_taeon_supp_006,companion_taeon) -> DialoguePresenter -> VoicePlaybackSource.AudioSource.clip",0.0
main04_miel_supp_010,미엘,companion_miel,"초원보다 더 안쪽에서
무언가가 벌어지고 있는 것 같아요.",Limitless_TTS_Regen_Main04_LateSequence_5/main04_miel_supp_010.wav,Unity/Client/Assets/_Project/Audio/Voice/Story/Main04/main04_miel_supp_010.wav,9f9335a565a41404fbc40b36e0755950,5.88,24000,1,7afdac8f69e4ff309504bb55337882ee594630b1a1fb82881c9ee63e85861cb2,8688297c1d1558dd087fe6ce93aa62bbfc6d24b51234f095b2e2e74dc5b300dc,fce4356068527f1656f23c71a9d0c50c2201ab6ca79f8c13e21721d5bbc134ee,REGENERATED;USER_LISTENED_PASS;UNITY_APPLIED;RUNTIME_VERIFIED,"StoryVoiceCatalog.Find(main04_miel_supp_010,companion_miel) -> DialoguePresenter -> VoicePlaybackSource.AudioSource.clip",0.0
main04_taeon_supp_007,태온,companion_taeon,"여기서 더 들어가는 건
지금은 위험할 것 같습니다.",Limitless_TTS_Regen_Main04_LateSequence_5/main04_taeon_supp_007.wav,Unity/Client/Assets/_Project/Audio/Voice/Story/Main04/main04_taeon_supp_007.wav,ddba3d554e929884ca239babdcb04012,4.76,24000,1,ed32390b672273356a7f10b801894da1c086d7cd9ae9ae3db9f09abf3e5e6d32,f89134bf484e1edcfdf8ae63520d20f9a4fc8a1b71bde6be1565c8004f7d26cd,561b02beb8faa1a4114493e5fa2c8a2b94a0c17474dfc0d5deb59be533f1db65,REGENERATED;USER_LISTENED_PASS;UNITY_APPLIED;RUNTIME_VERIFIED,"StoryVoiceCatalog.Find(main04_taeon_supp_007,companion_taeon) -> DialoguePresenter -> VoicePlaybackSource.AudioSource.clip",0.0
main04_miel_supp_011,미엘,companion_miel,마을에도 이 상황을 알려야 해요.,Limitless_TTS_Regen_Main04_LateSequence_5/main04_miel_supp_011.wav,Unity/Client/Assets/_Project/Audio/Voice/Story/Main04/main04_miel_supp_011.wav,3fee2085190461e4eb3a5feec7817284,3.0,24000,1,278f2b902b654d521b0d1ca912655309db932ff79e4334f1920d4ca59556bc1c,69d945d8db5eff4e5d09f0329bfba32394d5af36ff6763d49f2b6ac687421b68,e3171567c5e679d5ba4c6d64ecd2b23bf3d50c82b8e6b3744886febb76e5327e,REGENERATED;USER_LISTENED_PASS;UNITY_APPLIED;RUNTIME_VERIFIED,"StoryVoiceCatalog.Find(main04_miel_supp_011,companion_miel) -> DialoguePresenter -> VoicePlaybackSource.AudioSource.clip",0.0
