order,dialogue_id,quest,sequence,sequence_index,speaker_id,runtime_text,voice_expected,manifest_text,wav_filename,unity_asset_path,guid,sha256,pcm_hash,file_size,duration,rms_dbfs,peak_dbfs,catalog_clip,catalog_reference,semantic_status,required_action
1,main04_taeon_supp_004,Main04,EncounterConversation,0,companion_taeon,"또 옵니다.
제가 앞을 맡겠습니다.",YES,"또 옵니다.
제가 앞을 맡겠습니다.",main04_taeon_supp_004.wav,Assets/_Project/Audio/Voice/Story/Main04/main04_taeon_supp_004.wav,62b5719981958b14683804f53f69086f,04297be9c9ad031c21541a19e8d9c2bb9df04cbb3eada9eb8137764215ca9b0a,009998c66386b77b18c506175b4b6a5103538839bd8e607c0d2635aa4cd4e327,152034,3.04,-18.237309915673638,-1.0120569079282231,main04_taeon_supp_004,"- id: main04_taeon_supp_004
    clip: {fileID: 8300000, guid: 62b5719981958b14683804f53f69086f, type: 3}
    speakerId: companion_taeon",RUNTIME_LISTENING_PASS,RESOLVED;TTS_REGEN_REQUIRED0
2,main04_miel_supp_007,Main04,EncounterConversation,1,companion_miel,다친 곳은 제가 보겠습니다.,YES,다친 곳은 제가 보겠습니다.,main04_miel_supp_007.wav,Assets/_Project/Audio/Voice/Story/Main04/main04_miel_supp_007.wav,4782880ec2e1f9f48a7489850b017ce0,6d36ba89b5be5ce067b33856cf38f0630b32cf6e54af1f7c2eba76a421208582,98d9fd7c02be073a650b608f95b2d683805e6a84e4ceca442208e8e56a024483,121314,2.4,-20.243528090480236,-4.389304671004826,main04_miel_supp_007,"- id: main04_miel_supp_007
    clip: {fileID: 8300000, guid: 4782880ec2e1f9f48a7489850b017ce0, type: 3}
    speakerId: companion_miel",RUNTIME_LISTENING_PASS,RESOLVED;TTS_REGEN_REQUIRED0
3,NONE,Main04,EncounterConversation,2,player,갑시다.,NONE,,,,,,,,,,,,,PLAYER_SILENT_EXPECTED,NONE
4,main04_miel_supp_008,Main04,AfterBattleConversation,0,companion_miel,"괜찮으세요?
다친 곳부터 확인할게요.",YES,"괜찮으세요?
다친 곳부터 확인할게요.",main04_miel_supp_008.wav,Assets/_Project/Audio/Voice/Story/Main04/main04_miel_supp_008.wav,06fa822df904fa04089d9ef30ead21c7,939bd36a013f7c62c841a2f9c54dccf6861d36f739b63e1b49742a2ac5657c1d,962310018a2d6b427f89880e020734ac3b169d64ac988db63f59b7c853949dcf,201954,4.08,-18.099379645088167,-1.8562171632443176,main04_miel_supp_008,"- id: main04_miel_supp_008
    clip: {fileID: 8300000, guid: 06fa822df904fa04089d9ef30ead21c7, type: 3}
    speakerId: companion_miel",RUNTIME_LISTENING_PASS,RESOLVED;TTS_REGEN_REQUIRED0
