dialogue_id,wav_filename,unity_asset_path,guid,sha256,file_size,duration,rms_dbfs,peak_dbfs,pcm_sha256,sample_rate,channels,sample_width,catalog_reference,catalog_speaker,order,speaker_id,runtime_text,manifest_text,manifest_entry,source_file,actual_spoken_text,semantic_status,issue,required_action
main04_miel_supp_001,main04_miel_supp_001.wav,Assets/_Project/Audio/Voice/Story/Main04/main04_miel_supp_001.wav,e0fff6b9e1ff1ce438e69bc2582506a8,4f7985fe337e71ace9cf935d6f50c840a79bc8fa13c4ba7ab8f0971463e75801,96044,2.0,-17.142147527027433,-2.5306417960560674,bdd05bbd8a962c7a9a2e2a99d3ee035e35f9e58e827f58cd6a7acee25dfc9ae7,24000,1,2,"- id: main04_miel_supp_001
    clip: {fileID: 8300000, guid: e0fff6b9e1ff1ce438e69bc2582506a8, type: 3}
    speakerId: companion_miel",companion_miel,1,companion_miel,"조금만 참으세요.
출혈은 멎었습니다.","조금만 참으세요.
출혈은 멎었습니다.",miel/main04_miel_supp_001.wav,Limitless_TTS_Output_Missing_Main01_05_08_12_v2/dialogue_manifest_missing_main01_05_08_12_v2.csv,조금만 참으세요.,SEMANTIC_INTEGRITY_SUSPECT,PARTIAL_AUDIO_CONTENT;SEMANTIC_INTEGRITY_SUSPECT,TTS_REGEN_REQUIRED
main04_taeon_supp_001,main04_taeon_supp_001.wav,Assets/_Project/Audio/Voice/Story/Main04/main04_taeon_supp_001.wav,32b0b29db4708a24cb9df2b73f45e3e3,7985be7ddeeeaecbdf7675922abf1b74dff42aa595c176502166acac3a1846c2,150284,3.13,-21.627131901550953,-4.758648039810936,9608f6b3dbbdb932d3c5a1341e3b711d922cb2759bbfc01651289d5955ce768a,24000,1,2,"- id: main04_taeon_supp_001
    clip: {fileID: 8300000, guid: 32b0b29db4708a24cb9df2b73f45e3e3, type: 3}
    speakerId: companion_taeon",companion_taeon,2,companion_taeon,괜찮으십니까?,괜찮으십니까?,taeon/main04_taeon_supp_001.wav,Limitless_TTS_Output_Missing_Main01_05_08_12_v2/dialogue_manifest_missing_main01_05_08_12_v2.csv,USER_CONFIRMED_SEQUENCE_MISMATCH;EXACT_LINE_TRANSCRIPT_UNCONFIRMED,SEMANTIC_INTEGRITY_SUSPECT,SEMANTIC_INTEGRITY_SUSPECT,TTS_REGEN_REQUIRED
main04_miel_supp_002,main04_miel_supp_002.wav,Assets/_Project/Audio/Voice/Story/Main04/main04_miel_supp_002.wav,f4e868d47984fa14fbe9b8d9376c1524,52c44f9a72449e580358e4397dbd21294ebcc28ad995e8f545818ec10d6f6307,122924,2.56,-19.552650200364575,-2.641669044093573,bb2530d2f2cccc464604f14c0d9262ec9b8e1c26b06afd9c1dc9b7020980c627,24000,1,2,"- id: main04_miel_supp_002
    clip: {fileID: 8300000, guid: f4e868d47984fa14fbe9b8d9376c1524, type: 3}
    speakerId: companion_miel",companion_miel,3,companion_miel,저보다 이분이 먼저예요.,저보다 이분이 먼저예요.,miel/main04_miel_supp_002.wav,Limitless_TTS_Output_Missing_Main01_05_08_12_v2/dialogue_manifest_missing_main01_05_08_12_v2.csv,USER_CONFIRMED_SEQUENCE_MISMATCH;EXACT_LINE_TRANSCRIPT_UNCONFIRMED,SEMANTIC_INTEGRITY_SUSPECT,SEMANTIC_INTEGRITY_SUSPECT,TTS_REGEN_REQUIRED
main04_taeon_supp_002,main04_taeon_supp_002.wav,Assets/_Project/Audio/Voice/Story/Main04/main04_taeon_supp_002.wav,f947e47f07a49304082926e9299a95d0,c49a6affec6aa8532bdd9b2e692d498179d92af4b4d6e655fe115b082d3deb10,290924,6.06,-22.580019196120602,-4.0468467952944325,1b9fada41edeefc8e0b27aab2b9711fcbc4379217c44f8537835e4265625e572,24000,1,2,"- id: main04_taeon_supp_002
    clip: {fileID: 8300000, guid: f947e47f07a49304082926e9299a95d0, type: 3}
    speakerId: companion_taeon",companion_taeon,4,companion_taeon,당신도 다친 것 같은데요.,당신도 다친 것 같은데요.,taeon/main04_taeon_supp_002.wav,Limitless_TTS_Output_Missing_Main01_05_08_12_v2/dialogue_manifest_missing_main01_05_08_12_v2.csv,USER_CONFIRMED_SEQUENCE_MISMATCH;EXACT_LINE_TRANSCRIPT_UNCONFIRMED,SEMANTIC_INTEGRITY_SUSPECT,SEMANTIC_INTEGRITY_SUSPECT,TTS_REGEN_REQUIRED
main04_miel_supp_003,main04_miel_supp_003.wav,Assets/_Project/Audio/Voice/Story/Main04/main04_miel_supp_003.wav,396d1adfa28d2c045919d3a43cd56438,31d777b0c37a1438dd013fe627e0ef005b23d5a39a0b0e34ac82dc3dcefcfe1a,149324,3.11,-17.426984844282885,-1.3975373004589775,215d078335ed4315989d8d9ffb11feed63541c58e757ed0dbaa15a0f5cbb8e08,24000,1,2,"- id: main04_miel_supp_003
    clip: {fileID: 8300000, guid: 396d1adfa28d2c045919d3a43cd56438, type: 3}
    speakerId: companion_miel",companion_miel,5,companion_miel,"알아요.
그래도 아직 움직일 수 있어요.","알아요.
그래도 아직 움직일 수 있어요.",miel/main04_miel_supp_003.wav,Limitless_TTS_Output_Missing_Main01_05_08_12_v2/dialogue_manifest_missing_main01_05_08_12_v2.csv,USER_CONFIRMED_SEQUENCE_MISMATCH;EXACT_LINE_TRANSCRIPT_UNCONFIRMED,SEMANTIC_INTEGRITY_SUSPECT,SEMANTIC_INTEGRITY_SUSPECT,TTS_REGEN_REQUIRED
main04_miel_supp_004,main04_miel_supp_004.wav,Assets/_Project/Audio/Voice/Story/Main04/main04_miel_supp_004.wav,e2426b334db36754a9d9b3d6ead414cc,1984ffeb6bda6a680e84d7aa7844fbfc7b894d347430e79024dbcae5efcc86bd,225644,4.7,-20.525797603165955,-3.9456442966150362,f7278e086ff9b6664bffe94fae9208af5a7d96e57a108be3739f450f76751b93,24000,1,2,"- id: main04_miel_supp_004
    clip: {fileID: 8300000, guid: e2426b334db36754a9d9b3d6ead414cc, type: 3}
    speakerId: companion_miel",companion_miel,7,companion_miel,"몬스터들에게 습격받았습니다.
그런데 조금 이상했어요.","몬스터들에게 습격받았습니다.
그런데 조금 이상했어요.",miel/main04_miel_supp_004.wav,Limitless_TTS_Output_Missing_Main01_05_08_12_v2/dialogue_manifest_missing_main01_05_08_12_v2.csv,USER_CONFIRMED_SEQUENCE_MISMATCH;EXACT_LINE_TRANSCRIPT_UNCONFIRMED,SEMANTIC_INTEGRITY_SUSPECT,SEMANTIC_INTEGRITY_SUSPECT,TTS_REGEN_REQUIRED
main04_miel_supp_005,main04_miel_supp_005.wav,Assets/_Project/Audio/Voice/Story/Main04/main04_miel_supp_005.wav,3c3dba5e74d6ec241b4958fc79a34310,dd3b9d1180671bd3a4848f09c83fad85c27b35096ee585c8cdd6d02cc4584733,138284,2.88,-18.382671353771084,-1.816265406190411,ff054c4db350d9956ff1338cb8d13983427fd208d044e75771ec3abd602a79f7,24000,1,2,"- id: main04_miel_supp_005
    clip: {fileID: 8300000, guid: 3c3dba5e74d6ec241b4958fc79a34310, type: 3}
    speakerId: companion_miel",companion_miel,8,companion_miel,"처음부터 사람을 노리고
온 것 같지는 않았습니다.","처음부터 사람을 노리고
온 것 같지는 않았습니다.",miel/main04_miel_supp_005.wav,Limitless_TTS_Output_Missing_Main01_05_08_12_v2/dialogue_manifest_missing_main01_05_08_12_v2.csv,USER_CONFIRMED_SEQUENCE_MISMATCH;EXACT_LINE_TRANSCRIPT_UNCONFIRMED,SEMANTIC_INTEGRITY_SUSPECT,SEMANTIC_INTEGRITY_SUSPECT,TTS_REGEN_REQUIRED
main04_taeon_supp_003,main04_taeon_supp_003.wav,Assets/_Project/Audio/Voice/Story/Main04/main04_taeon_supp_003.wav,d1cef965a60b4994a9efc9355fb3e79b,d558546ac0dec7aa4acac3d99f6300d9b82c76106c19662601d125d6ef2686d1,180524,3.76,-23.842272058668854,-5.540548781484765,c63070c51da4d52d87e1029867385a6e497047ea23dd5ad44c4cc778f8dda363,24000,1,2,"- id: main04_taeon_supp_003
    clip: {fileID: 8300000, guid: d1cef965a60b4994a9efc9355fb3e79b, type: 3}
    speakerId: companion_taeon",companion_taeon,9,companion_taeon,무언가를 피하고 있었습니까?,무언가를 피하고 있었습니까?,taeon/main04_taeon_supp_003.wav,Limitless_TTS_Output_Missing_Main01_05_08_12_v2/dialogue_manifest_missing_main01_05_08_12_v2.csv,USER_CONFIRMED_SEQUENCE_MISMATCH;EXACT_LINE_TRANSCRIPT_UNCONFIRMED,SEMANTIC_INTEGRITY_SUSPECT,SEMANTIC_INTEGRITY_SUSPECT,TTS_REGEN_REQUIRED
main04_miel_supp_006,main04_miel_supp_006.wav,Assets/_Project/Audio/Voice/Story/Main04/main04_miel_supp_006.wav,96e329a599d28f746b02246d49b2683f,4a583011800ae4ab50d8a41fa19183cafe62a129e7a785defde5d3fb6f245f27,149324,3.11,-19.146952283344596,-4.72250539034215,9d8c2e07f447e0d2d1d47bea4b585b7fe49ff045281fae6bbbfa93f161534f99,24000,1,2,"- id: main04_miel_supp_006
    clip: {fileID: 8300000, guid: 96e329a599d28f746b02246d49b2683f, type: 3}
    speakerId: companion_miel",companion_miel,10,companion_miel,"네.
갑자기 길을 가로막게 되자
공격한 것처럼 보였어요.","네.
갑자기 길을 가로막게 되자
공격한 것처럼 보였어요.",miel/main04_miel_supp_006.wav,Limitless_TTS_Output_Missing_Main01_05_08_12_v2/dialogue_manifest_missing_main01_05_08_12_v2.csv,USER_CONFIRMED_SEQUENCE_MISMATCH;EXACT_LINE_TRANSCRIPT_UNCONFIRMED,SEMANTIC_INTEGRITY_SUSPECT,SEMANTIC_INTEGRITY_SUSPECT,TTS_REGEN_REQUIRED
