stable_id,speaker,speaker_id,expected_text,before_actual_asr,after_actual_asr,duration,sha256,pcm_sha256,leading_quiet_seconds,trailing_quiet_seconds,all_quiet_spans,mixed_previous_next,hidden_later_utterance,cut_or_duplicate,semantic_status,runtime_resolve,runtime_pcm_max_error,authored_page_playback,clip_cleanup,source_wav,asset_path
main05_taeon_supp_001,태온,companion_taeon,"몬스터들이 마을 쪽으로 움직이는 건 맞습니다.
하지만 마을을 노리고 있는 것 같지는 않습니다.",몬스터들이 마을 쪽으로 움직이는 건 맞습니다. | 하지만 마을을 노리고 있는 것 같지는 않습니다. | 저도 이 움직임이 어디서 시작됐는지 확인하고 싶습니다.,몬스터들이 마을 쪽으로 움직이는 건 맞습니다. | 하지만 마을을 노리고 있는 것 같지는 않습니다.,6.6,59cf901661b3062867cfa5343afd81fd37adbf0127eae6ccade4253b3109dd38,2b5313da3372eb2d3b3858d29a4f98bbab987c64e1096b8019323e48de098b63,0.43,0.43,"[[0.0, 0.43], [2.65, 3.4], [3.81, 4.38], [6.17, 6.6]]",NONE_IN_FRESH_ASR,NONE_IN_FRESH_ASR,NO_ASR_EVIDENCE;HUMAN_NATURALNESS_SEPARATE,USER_CONFIRMED_REPAIRED,PASS,0,1;MONOTONIC_SAMPLES;NO_RESTART,PASS,Limitless_TTS_Output_Missing_Main01_05_08_12_v2/taeon/main05_taeon_supp_001.wav,Assets/_Project/Audio/Voice/Story/Main05/main05_taeon_supp_001.wav
main05_miel_supp_001,미엘,companion_miel,무언가를 피해서 내려오고 있는 것 같아요.,무언가를 피해서 내려오고 있는 것 같아요.,무언가를 피해서 내려오고 있는 것 같아요.,3.32,ad0cb19d1c6b7ac9dff4fd98e418cacf790b605c5a0ff03867bd4999ae1b7d30,ba0c490af80c151a153b960b10b8e6126310dc4cbcdb5bf2a65d4d3f8e262eda,0.27,0.31,"[[0.0, 0.27], [3.01, 3.32]]",NONE_IN_FRESH_ASR,NONE_IN_FRESH_ASR,NO_ASR_EVIDENCE;HUMAN_NATURALNESS_SEPARATE,FRESH_ASR_MATCH;PRIOR_USER_APPROVED_BYTES_UNCHANGED,PASS,0,1;MONOTONIC_SAMPLES;NO_RESTART,PASS,Limitless_TTS_Regen_Main05_5/main05_miel_supp_001.wav,Assets/_Project/Audio/Voice/Story/Main05/main05_miel_supp_001.wav
main05_taeon_supp_002,태온,companion_taeon,"저도 이 움직임이
어디서 시작됐는지 확인하고 싶습니다.",저도 이 움직임이 어디서 시작됐는지 확인하고 싶습니다.,저도 이 움직임이 어디서 시작됐는지 확인하고 싶습니다.,4.96,a07dc4abf6de04ad4d744b894c46e6e7f8476e6619cacbb40e002d3e49f96993,659d13d7da1a4c5cb75c10cb68d02c9f746b02f8d363858ea39559dea8bb2c81,0.32,0.21,"[[0.0, 0.32], [2.11, 2.36], [4.75, 4.96]]",NONE_IN_FRESH_ASR,NONE_IN_FRESH_ASR,NO_ASR_EVIDENCE;HUMAN_NATURALNESS_SEPARATE,FRESH_ASR_MATCH;PRIOR_USER_APPROVED_BYTES_UNCHANGED,PASS,0,1;MONOTONIC_SAMPLES;NO_RESTART,PASS,Limitless_TTS_Regen_Main05_5/main05_taeon_supp_002.wav,Assets/_Project/Audio/Voice/Story/Main05/main05_taeon_supp_002.wav
main05_taeon_supp_003,태온,companion_taeon,"괜찮으시다면…
조금 더 함께 가겠습니다.",괜찮으시다면 조금 더 함께 가겠습니다.,괜찮으시다면 조금 더 함께 가겠습니다.,3.8,5c785f1111c3fe6b1cd001e80b5ea7e5860d17de8fa8a4b7acb1dbe77869a4e5,99e06147d6a0cc85bc9041627a2ceabe20cca5d0680389b17482ac0dd7450504,0.24,0.53,"[[0.0, 0.24], [1.22, 1.9], [3.27, 3.8]]",NONE_IN_FRESH_ASR,NONE_IN_FRESH_ASR,NO_ASR_EVIDENCE;HUMAN_NATURALNESS_SEPARATE,FRESH_ASR_MATCH;PRIOR_USER_APPROVED_BYTES_UNCHANGED,PASS,0,1;MONOTONIC_SAMPLES;NO_RESTART,PASS,Limitless_TTS_Regen_Main05_5/main05_taeon_supp_003.wav,Assets/_Project/Audio/Voice/Story/Main05/main05_taeon_supp_003.wav
main05_miel_supp_002,미엘,companion_miel,"이대로 두면
다치는 사람이 더 생길 겁니다.",이대로 두면 다치는 사람이 더 생길 겁니다.,이대로 두면 다치는 사람이 더 생길 겁니다.,3.88,0c049b8137cc63759506bb4085c555a1afd281adc4e4b8d20dd5b8718a3ef112,865a2368c01471b1fdcdec627b82eb587d7fb5e8e88557eb856579d6b3eca3f4,0.29,0.35,"[[0.0, 0.29], [1.49, 1.75], [3.53, 3.88]]",NONE_IN_FRESH_ASR,NONE_IN_FRESH_ASR,NO_ASR_EVIDENCE;HUMAN_NATURALNESS_SEPARATE,FRESH_ASR_MATCH;PRIOR_USER_APPROVED_BYTES_UNCHANGED,PASS,0,1;MONOTONIC_SAMPLES;NO_RESTART,PASS,Limitless_TTS_Regen_Main05_5/main05_miel_supp_002.wav,Assets/_Project/Audio/Voice/Story/Main05/main05_miel_supp_002.wav
main05_miel_supp_003,미엘,companion_miel,"저도 같이 가겠습니다.
제가 할 수 있는 일이 있을 거예요.",저도 같이 가겠습니다. | 제가 할 수 있는 일이 있을 거예요.,저도 같이 가겠습니다. | 제가 할 수 있는 일이 있을 거예요.,4.72,c07cba8f46aa85ba2cff4536e62508d0d4865f80ddbef0e3b3866b2a63ba7e15,236cb5780dae6e66b55ef24f5a2754d0dedb9275f25d645b9c16c772aca59e07,0.24,0.31,"[[0.0, 0.24], [1.56, 1.71], [1.76, 2.39], [4.41, 4.72]]",NONE_IN_FRESH_ASR,NONE_IN_FRESH_ASR,NO_ASR_EVIDENCE;HUMAN_NATURALNESS_SEPARATE,FRESH_ASR_MATCH;PRIOR_USER_APPROVED_BYTES_UNCHANGED,PASS,0,1;MONOTONIC_SAMPLES;NO_RESTART,PASS,Limitless_TTS_Regen_Main05_5/main05_miel_supp_003.wav,Assets/_Project/Audio/Voice/Story/Main05/main05_miel_supp_003.wav
