"Status","Id"
"PASS","Battle.ExactSavedParty"
"PASS","Battle.ExistingSingleLizard"
"PASS","Battle.NormalAttackVictory"
"PASS","Battle.OnlyVictoryAdvanced"
"PASS","Battle.PartyFormationPreserved"
"PASS","Battle.SerinFoxDefault"
"PASS","Battle.SerinSelectedSharpshooter"
"PASS","Battle.StableStoryId"
"PASS","Battle.WitnessSeparateFromVictory"
"PASS","BGM.Arbel.ExactClip"
"PASS","BGM.Arbel.LoopMixerPlaying"
"PASS","BGM.Arbel.SingleService"
"PASS","BGM.Battle.ExactClip"
"PASS","BGM.Battle.LoopMixerPlaying"
"PASS","BGM.Battle.SingleService"
"PASS","BGM.Bootstrap.ExactClip"
"PASS","BGM.Bootstrap.LoopMixerPlaying"
"PASS","BGM.Bootstrap.SingleService"
"PASS","BGM.Field_06_ScorchedTrail.ExactClip"
"PASS","BGM.Field_06_ScorchedTrail.LoopMixerPlaying"
"PASS","BGM.Field_06_ScorchedTrail.SingleService"
"PASS","BGM.Field_07_AshenReach.ExactClip"
"PASS","BGM.Field_07_AshenReach.LoopMixerPlaying"
"PASS","BGM.Field_07_AshenReach.SingleService"
"PASS","BGM.Field_08_RedRift.ExactClip"
"PASS","BGM.Field_08_RedRift.LoopMixerPlaying"
"PASS","BGM.Field_08_RedRift.SingleService"
"PASS","Dialogue.main17_after_direction_01.NoBorrowedVoice"
"PASS","Dialogue.main17_after_direction_01.PortraitPolicy"
"PASS","Dialogue.main17_after_hearing_player_01.NoBorrowedVoice"
"PASS","Dialogue.main17_after_hearing_player_01.PortraitPolicy"
"PASS","Dialogue.main17_after_hearing_player_02.NoBorrowedVoice"
"PASS","Dialogue.main17_after_hearing_player_02.PortraitPolicy"
"PASS","Dialogue.main17_after_hearing_serin_01.NoBorrowedVoice"
"PASS","Dialogue.main17_after_hearing_serin_01.PortraitPolicy"
"PASS","Dialogue.main17_compare_player_01.NoBorrowedVoice"
"PASS","Dialogue.main17_compare_player_01.PortraitPolicy"
"PASS","Dialogue.main17_compare_serin_01.NoBorrowedVoice"
"PASS","Dialogue.main17_compare_serin_01.PortraitPolicy"
"PASS","Dialogue.main17_crack_direction_01.NoBorrowedVoice"
"PASS","Dialogue.main17_crack_direction_01.PortraitPolicy"
"PASS","Dialogue.main17_crack_player_01.NoBorrowedVoice"
"PASS","Dialogue.main17_crack_player_01.PortraitPolicy"
"PASS","Dialogue.main17_resonance_hearing_player_01.NoBorrowedVoice"
"PASS","Dialogue.main17_resonance_hearing_player_01.PortraitPolicy"
"PASS","Dialogue.main17_resonance_hearing_player_02.NoBorrowedVoice"
"PASS","Dialogue.main17_resonance_hearing_player_02.PortraitPolicy"
"PASS","Dialogue.main17_resonance_hearing_serin_01.NoBorrowedVoice"
"PASS","Dialogue.main17_resonance_hearing_serin_01.PortraitPolicy"
"PASS","Dialogue.main17_route_direction_01.NoBorrowedVoice"
"PASS","Dialogue.main17_route_direction_01.PortraitPolicy"
"PASS","Dialogue.main17_route_serin_01.NoBorrowedVoice"
"PASS","Dialogue.main17_route_serin_01.PortraitPolicy"
"PASS","Dialogue.main17_serin_player_01.NoBorrowedVoice"
"PASS","Dialogue.main17_serin_player_01.PortraitPolicy"
"PASS","Dialogue.main17_serin_serin_01.NoBorrowedVoice"
"PASS","Dialogue.main17_serin_serin_01.PortraitPolicy"
"PASS","Dialogue.main17_tracks_direction_01.NoBorrowedVoice"
"PASS","Dialogue.main17_tracks_direction_01.PortraitPolicy"
"PASS","Dialogue.main17_tracks_miel_01.ActiveCompanionOnly"
"PASS","Dialogue.main17_tracks_miel_01.NoBorrowedVoice"
"PASS","Dialogue.main17_tracks_miel_01.PortraitPolicy"
"PASS","Dialogue.main17_tracks_player_01.NoBorrowedVoice"
"PASS","Dialogue.main17_tracks_player_01.PortraitPolicy"
"PASS","Dialogue.main17_vibration_hearing_player_01.NoBorrowedVoice"
"PASS","Dialogue.main17_vibration_hearing_player_01.PortraitPolicy"
"PASS","Dialogue.main17_vibration_hearing_player_02.NoBorrowedVoice"
"PASS","Dialogue.main17_vibration_hearing_player_02.PortraitPolicy"
"PASS","Dialogue.main17_vibration_hearing_serin_01.NoBorrowedVoice"
"PASS","Dialogue.main17_vibration_hearing_serin_01.PortraitPolicy"
"PASS","Dialogue.main17_withdraw_player_01.NoBorrowedVoice"
"PASS","Dialogue.main17_withdraw_player_01.PortraitPolicy"
"PASS","Dialogue.main17_withdraw_serin_01.NoBorrowedVoice"
"PASS","Dialogue.main17_withdraw_serin_01.PortraitPolicy"
"PASS","Dialogue.main17_witness_direction_01.NoBorrowedVoice"
"PASS","Dialogue.main17_witness_direction_01.PortraitPolicy"
"PASS","Dialogue.main17_witness_serin_01.NoBorrowedVoice"
"PASS","Dialogue.main17_witness_serin_01.PortraitPolicy"
"PASS","Field07.NoImmediateReturn"
"PASS","Field07.ReturnSpawnRestored"
"PASS","Field07.SpawnSeparated"
"PASS","Field07.TwoTransitions"
"PASS","Field08.Bounds21x15"
"PASS","Field08.Camera"
"PASS","Field08.DeepWestClosed"
"PASS","Field08.EastOnlyTransition"
"PASS","Field08.NoImmediateReturn"
"PASS","Field08.SpawnRestored"
"PASS","Gate.LockedBeforeMain16"
"PASS","Gate.OpenAfterMain16"
"PASS","Input.NoSameFrameNextInvestigation"
"PASS","Main17.Available"
"PASS","Navigation.ArbelWestRoute"
"PASS","Navigation.Field06WestRoute"
"PASS","path.emotional-scar.CancelNoProgress"
"PASS","path.emotional-scar.ExactIDs.1"
"PASS","path.emotional-scar.ExactIDs.2"
"PASS","path.emotional-scar.ExactIDs.3"
"PASS","path.emotional-scar.ExactIDs.4"
"PASS","path.emotional-scar.ExactIDs.5"
"PASS","path.emotional-scar.ExactIDs.6"
"PASS","path.emotional-scar.Open.1"
"PASS","path.emotional-scar.Open.2"
"PASS","path.emotional-scar.Open.3"
"PASS","path.emotional-scar.Open.4"
"PASS","path.emotional-scar.Open.5"
"PASS","path.emotional-scar.Open.6"
"PASS","path.emotional-scar.PartyPreserved"
"PASS","path.emotional-scar.PlayerPriority.2"
"PASS","path.emotional-scar.PlayerPriority.6"
"PASS","path.emotional-scar.SameResult.1"
"PASS","path.emotional-scar.SameResult.2"
"PASS","path.emotional-scar.SameResult.3"
"PASS","path.emotional-scar.SameResult.4"
"PASS","path.emotional-scar.SameResult.5"
"PASS","path.emotional-scar.SameResult.6"
"PASS","path.emotional-scar.SingleActorFlow"
"PASS","path.hearing.CancelNoProgress"
"PASS","path.hearing.ExactIDs.1"
"PASS","path.hearing.ExactIDs.2"
"PASS","path.hearing.ExactIDs.3"
"PASS","path.hearing.ExactIDs.4"
"PASS","path.hearing.ExactIDs.5"
"PASS","path.hearing.ExactIDs.6"
"PASS","path.hearing.Open.1"
"PASS","path.hearing.Open.2"
"PASS","path.hearing.Open.3"
"PASS","path.hearing.Open.4"
"PASS","path.hearing.Open.5"
"PASS","path.hearing.Open.6"
"PASS","path.hearing.PartyPreserved"
"PASS","path.hearing.PlayerPriority.2"
"PASS","path.hearing.PlayerPriority.6"
"PASS","path.hearing.SameResult.1"
"PASS","path.hearing.SameResult.2"
"PASS","path.hearing.SameResult.3"
"PASS","path.hearing.SameResult.4"
"PASS","path.hearing.SameResult.5"
"PASS","path.hearing.SameResult.6"
"PASS","path.hearing.SingleActorFlow"
"PASS","path.intellectual.CancelNoProgress"
"PASS","path.intellectual.ExactIDs.1"
"PASS","path.intellectual.ExactIDs.2"
"PASS","path.intellectual.ExactIDs.3"
"PASS","path.intellectual.ExactIDs.4"
"PASS","path.intellectual.ExactIDs.5"
"PASS","path.intellectual.ExactIDs.6"
"PASS","path.intellectual.Open.1"
"PASS","path.intellectual.Open.2"
"PASS","path.intellectual.Open.3"
"PASS","path.intellectual.Open.4"
"PASS","path.intellectual.Open.5"
"PASS","path.intellectual.Open.6"
"PASS","path.intellectual.PartyPreserved"
"PASS","path.intellectual.PlayerPriority.2"
"PASS","path.intellectual.PlayerPriority.6"
"PASS","path.intellectual.SameResult.1"
"PASS","path.intellectual.SameResult.2"
"PASS","path.intellectual.SameResult.3"
"PASS","path.intellectual.SameResult.4"
"PASS","path.intellectual.SameResult.5"
"PASS","path.intellectual.SameResult.6"
"PASS","path.intellectual.SingleActorFlow"
"PASS","path.mobility.CancelNoProgress"
"PASS","path.mobility.ExactIDs.1"
"PASS","path.mobility.ExactIDs.2"
"PASS","path.mobility.ExactIDs.3"
"PASS","path.mobility.ExactIDs.4"
"PASS","path.mobility.ExactIDs.5"
"PASS","path.mobility.ExactIDs.6"
"PASS","path.mobility.Open.1"
"PASS","path.mobility.Open.2"
"PASS","path.mobility.Open.3"
"PASS","path.mobility.Open.4"
"PASS","path.mobility.Open.5"
"PASS","path.mobility.Open.6"
"PASS","path.mobility.PartyPreserved"
"PASS","path.mobility.PlayerPriority.2"
"PASS","path.mobility.PlayerPriority.6"
"PASS","path.mobility.SameResult.1"
"PASS","path.mobility.SameResult.2"
"PASS","path.mobility.SameResult.3"
"PASS","path.mobility.SameResult.4"
"PASS","path.mobility.SameResult.5"
"PASS","path.mobility.SameResult.6"
"PASS","path.mobility.SingleActorFlow"
"PASS","path.vision.CancelNoProgress"
"PASS","path.vision.ExactIDs.1"
"PASS","path.vision.ExactIDs.2"
"PASS","path.vision.ExactIDs.3"
"PASS","path.vision.ExactIDs.4"
"PASS","path.vision.ExactIDs.5"
"PASS","path.vision.ExactIDs.6"
"PASS","path.vision.Open.1"
"PASS","path.vision.Open.2"
"PASS","path.vision.Open.3"
"PASS","path.vision.Open.4"
"PASS","path.vision.Open.5"
"PASS","path.vision.Open.6"
"PASS","path.vision.PartyPreserved"
"PASS","path.vision.PlayerPriority.2"
"PASS","path.vision.PlayerPriority.6"
"PASS","path.vision.SameResult.1"
"PASS","path.vision.SameResult.2"
"PASS","path.vision.SameResult.3"
"PASS","path.vision.SameResult.4"
"PASS","path.vision.SameResult.5"
"PASS","path.vision.SameResult.6"
"PASS","path.vision.SingleActorFlow"
"PASS","Regression.itemButton.CancelRestored"
"PASS","Regression.itemButton.FocusInside"
"PASS","Regression.itemButton.HiddenInputBlocked"
"PASS","Regression.Main16CanyonStillWorks"
"PASS","Regression.NoEarlyMain17"
"PASS","Regression.skillButton.CancelRestored"
"PASS","Regression.skillButton.FocusInside"
"PASS","Regression.skillButton.HiddenInputBlocked"
"PASS","Save.after-victory.BeastExact"
"PASS","Save.after-victory.ContinueButton"
"PASS","Save.after-victory.DerivedSitesOnce"
"PASS","Save.after-victory.PartyFormationExact"
"PASS","Save.after-victory.PathSerinPermanent"
"PASS","Save.after-victory.QuestExact"
"PASS","Save.after-victory.ScenePosition"
"PASS","Save.after-victory.WriteIsolated"
"PASS","Save.before-witness.BeastExact"
"PASS","Save.before-witness.ContinueButton"
"PASS","Save.before-witness.DerivedSitesOnce"
"PASS","Save.before-witness.PartyFormationExact"
"PASS","Save.before-witness.PathSerinPermanent"
"PASS","Save.before-witness.QuestExact"
"PASS","Save.before-witness.ScenePosition"
"PASS","Save.before-witness.WriteIsolated"
"PASS","Save.completed.BeastExact"
"PASS","Save.completed.ContinueButton"
"PASS","Save.completed.DerivedSitesOnce"
"PASS","Save.completed.PartyFormationExact"
"PASS","Save.completed.PathSerinPermanent"
"PASS","Save.completed.QuestExact"
"PASS","Save.completed.ScenePosition"
"PASS","Save.completed.WriteIsolated"
"PASS","Save.entry.BeastExact"
"PASS","Save.entry.ContinueButton"
"PASS","Save.entry.DerivedSitesOnce"
"PASS","Save.entry.PartyFormationExact"
"PASS","Save.entry.PathSerinPermanent"
"PASS","Save.entry.QuestExact"
"PASS","Save.entry.ScenePosition"
"PASS","Save.entry.WriteIsolated"
"PASS","Save.GeneralRespawnProtocolAfterSameProcessContinue"
"PASS","Save.GeneralRespawnProtocolBefore"
"PASS","Save.NoAutomaticRebattle"
"PASS","Save.NoWinKeptObjective"
"PASS","Save.retry-before-victory.BeastExact"
"PASS","Save.retry-before-victory.ContinueButton"
"PASS","Save.retry-before-victory.DerivedSitesOnce"
"PASS","Save.retry-before-victory.PartyFormationExact"
"PASS","Save.retry-before-victory.PathSerinPermanent"
"PASS","Save.retry-before-victory.QuestExact"
"PASS","Save.retry-before-victory.ScenePosition"
"PASS","Save.retry-before-victory.WriteIsolated"
"PASS","Save.SerinSelectedFixture"
"PASS","Scene.Arbel"
"PASS","Scene.Battle"
"PASS","Scene.Bootstrap"
"PASS","Scene.Field_06_ScorchedTrail"
"PASS","Scene.Field_07_AshenReach"
"PASS","Scene.Field_08_RedRift"
"PASS","Story.Complete.1"
"PASS","Story.Complete.10"
"PASS","Story.Complete.11"
"PASS","Story.Complete.2"
"PASS","Story.Complete.3"
"PASS","Story.Complete.4"
"PASS","Story.Complete.5"
"PASS","Story.Complete.6"
"PASS","Story.Complete.7"
"PASS","Story.Complete.9"
"PASS","Story.Main17Completed"
"PASS","Story.NoDuplicate.1"
"PASS","Story.NoDuplicate.2"
"PASS","Story.NoDuplicate.3"
"PASS","Story.NoDuplicate.4"
"PASS","Story.NoDuplicate.5"
"PASS","Story.NoDuplicate.6"
"PASS","Story.NoEarlyProgress.1"
"PASS","Story.NoEarlyProgress.2"
"PASS","Story.NoEarlyProgress.3"
"PASS","Story.NoEarlyProgress.4"
"PASS","Story.NoEarlyProgress.5"
"PASS","Story.NoEarlyProgress.6"
"PASS","Story.Open.1"
"PASS","Story.Open.10"
"PASS","Story.Open.11"
"PASS","Story.Open.2"
"PASS","Story.Open.3"
"PASS","Story.Open.4"
"PASS","Story.Open.5"
"PASS","Story.Open.6"
"PASS","Story.Open.7"
"PASS","Story.Open.9"
"PASS","Story.RosterFormationPreserved"
"PASS","Story.SerinOfficialAnimator"
"PASS","Story.StartAndEntry"
"PASS","Story.WitnessReady"
"PASS","Visual.BackgroundCameraCapture"
"PASS","Visual.CameraViewportInsideBounds"
"PASS","Visual.DeepRiftCollision"
"PASS","Visual.NorthSouthDetourClear"
