order,sequence,sequence_index,dialogue_id,speaker,runtime_text,voice_expected,manifest_entry,catalog_entry,wav,clip_loaded,runtime_played,duration,rms_db,peak_db,result,required_action
1,AfterBattleConversation,0,main03_taeon_supp_008,companion_taeon,역시 이상합니다.,YES,Limitless_TTS_Output_Missing_Main01_05_08_12_v2/dialogue_manifest_missing_main01_05_08_12_v2.csv,StoryVoiceCatalog / 16a05ac1b6d319545a8f9113e2bd9aba,Unity/Client/Assets/_Project/Audio/Voice/Story/Main03/main03_taeon_supp_008.wav,YES,YES,2.25,-21.62883034237892,-4.066298189595134,METADATA_PASS;RUNTIME_PLAYBACK_PASS;WRONG_AUDIO_CONTENT;RUNTIME_SEMANTIC_MISMATCH,TTS_REGEN_REQUIRED: 역시 이상합니다. / Gacrux; preserve mapping
2,AfterBattleConversation,1,NONE,player,방금 몬스터들도 같은 방향을 피했습니까?,NO,N/A,N/A,NONE,N/A,NO_EXPECTED,,,,PLAYER_SILENT_EXPECTED,NONE
3,AfterBattleConversation,2,main03_taeon_supp_009,companion_taeon,"네.
싸우는 동안에도 몇 번이나
그쪽으로 움직이지 않으려고 했어요.",YES,Limitless_TTS_Output_Missing_Main01_05_08_12_v2/dialogue_manifest_missing_main01_05_08_12_v2.csv,StoryVoiceCatalog / dde64e7754b8a3c4c8a39ff54113e2a4,Unity/Client/Assets/_Project/Audio/Voice/Story/Main03/main03_taeon_supp_009.wav,YES,YES,2.76,-26.247623728337818,-3.2676648830904718,METADATA_PASS;RUNTIME_PLAYBACK_PASS;USER_LISTENING_REQUIRED,USER_LISTENING_REQUIRED
4,AfterBattleConversation,3,NONE,player,"제가 본 흔적도
그 반대쪽에서 시작됐습니다.",NO,N/A,N/A,NONE,N/A,NO_EXPECTED,,,,PLAYER_SILENT_EXPECTED,NONE
5,AfterBattleConversation,4,main03_taeon_supp_010,companion_taeon,그렇다면 우연은 아닌 것 같습니다.,YES,Limitless_TTS_Output_Missing_Main01_05_08_12_v2/dialogue_manifest_missing_main01_05_08_12_v2.csv,StoryVoiceCatalog / df90274da1dfe6349a613703673baa14,Unity/Client/Assets/_Project/Audio/Voice/Story/Main03/main03_taeon_supp_010.wav,YES,YES,1.62,-31.826666696110337,-13.428157858374028,METADATA_PASS;RUNTIME_PLAYBACK_PASS;USER_LISTENING_REQUIRED,USER_LISTENING_REQUIRED
6,AfterBattleConversation,5,main03_taeon_supp_011,companion_taeon,저도 저쪽을 확인하려던 참이었습니다.,YES,Limitless_TTS_Output_Missing_Main01_05_08_12_v2/dialogue_manifest_missing_main01_05_08_12_v2.csv,StoryVoiceCatalog / e6098de83891e8d4a848af3eb519d63f,Unity/Client/Assets/_Project/Audio/Voice/Story/Main03/main03_taeon_supp_011.wav,YES,YES,15.24,-22.33353209540296,-3.50725842524586,METADATA_PASS;RUNTIME_PLAYBACK_PASS;USER_LISTENING_REQUIRED,USER_LISTENING_REQUIRED
7,AfterBattleConversation,6,main03_taeon_supp_012,companion_taeon,"목적이 같다면 잠시 함께 가시죠.
혼자 움직이는 것보다는 안전할 겁니다.",YES,Limitless_TTS_Output_Missing_Main01_05_08_12_v2/dialogue_manifest_missing_main01_05_08_12_v2.csv,StoryVoiceCatalog / 997f362bba765564c811ef7d9d7aa0c3,Unity/Client/Assets/_Project/Audio/Voice/Story/Main03/main03_taeon_supp_012.wav,YES,YES,1.45,-51.90372080742649,-32.62442330654228,ZERO_OR_LOW_VOLUME;USER_LISTENING_REQUIRED,TTS_REGEN_REQUIRED;USER_LISTENING_REQUIRED
8,FinalClue,0,main03_taeon_supp_001,companion_taeon,바닥에 간단히 치료한 흔적과 떨어진 붕대가 남아 있습니다.,YES,Limitless_TTS_Output_Missing_Main01_05_08_12_v2/dialogue_manifest_missing_main01_05_08_12_v2.csv,StoryVoiceCatalog / b05384306c5fa854dbc912630b330974,Unity/Client/Assets/_Project/Audio/Voice/Story/Main03/main03_taeon_supp_001.wav,YES,YES,4.9,-20.20931377233017,-1.4942795155277198,METADATA_PASS;RUNTIME_PLAYBACK_PASS;USER_LISTENING_REQUIRED,USER_LISTENING_REQUIRED
9,FinalClue,1,main03_taeon_supp_002,companion_taeon,누군가 먼저 이곳을 지나간 것 같습니다.,YES,Limitless_TTS_Output_Missing_Main01_05_08_12_v2/dialogue_manifest_missing_main01_05_08_12_v2.csv,StoryVoiceCatalog / 09e41a7b9fed74348b429c7c07a813f1,Unity/Client/Assets/_Project/Audio/Voice/Story/Main03/main03_taeon_supp_002.wav,YES,YES,3.94,-23.582771135370507,-5.818337447072643,METADATA_PASS;RUNTIME_PLAYBACK_PASS;USER_LISTENING_REQUIRED,USER_LISTENING_REQUIRED
