main04_id,main03_id,filename_equal,guid_equal,sha_equal,pcm_equal,size_equal,duration_equal,format_equal,result
main04_miel_supp_001,main03_taeon_supp_001,False,False,False,False,False,False,True,NO_EXACT_BYTE_OR_PCM_DUPLICATE
main04_miel_supp_001,main03_taeon_supp_002,False,False,False,False,False,False,True,NO_EXACT_BYTE_OR_PCM_DUPLICATE
main04_miel_supp_001,main03_taeon_supp_003,False,False,False,False,False,False,True,NO_EXACT_BYTE_OR_PCM_DUPLICATE
main04_miel_supp_001,main03_taeon_supp_004,False,False,False,False,False,False,True,NO_EXACT_BYTE_OR_PCM_DUPLICATE
main04_miel_supp_001,main03_taeon_supp_005,False,False,False,False,False,False,True,NO_EXACT_BYTE_OR_PCM_DUPLICATE
main04_miel_supp_001,main03_taeon_supp_006,False,False,False,False,False,False,True,NO_EXACT_BYTE_OR_PCM_DUPLICATE
main04_miel_supp_001,main03_taeon_supp_007,False,False,False,False,False,False,True,NO_EXACT_BYTE_OR_PCM_DUPLICATE
main04_miel_supp_001,main03_taeon_supp_008,False,False,False,False,False,False,True,NO_EXACT_BYTE_OR_PCM_DUPLICATE
main04_miel_supp_001,main03_taeon_supp_009,False,False,False,False,False,False,True,NO_EXACT_BYTE_OR_PCM_DUPLICATE
main04_miel_supp_001,main03_taeon_supp_010,False,False,False,False,False,False,True,NO_EXACT_BYTE_OR_PCM_DUPLICATE
main04_miel_supp_001,main03_taeon_supp_011,False,False,False,False,False,False,True,NO_EXACT_BYTE_OR_PCM_DUPLICATE
main04_miel_supp_001,main03_taeon_supp_012,False,False,False,False,False,False,True,NO_EXACT_BYTE_OR_PCM_DUPLICATE
main04_taeon_supp_001,main03_taeon_supp_001,False,False,False,False,False,False,True,NO_EXACT_BYTE_OR_PCM_DUPLICATE
main04_taeon_supp_001,main03_taeon_supp_002,False,False,False,False,False,False,True,NO_EXACT_BYTE_OR_PCM_DUPLICATE
main04_taeon_supp_001,main03_taeon_supp_003,False,False,False,False,False,False,True,NO_EXACT_BYTE_OR_PCM_DUPLICATE
main04_taeon_supp_001,main03_taeon_supp_004,False,False,False,False,False,False,True,NO_EXACT_BYTE_OR_PCM_DUPLICATE
main04_taeon_supp_001,main03_taeon_supp_005,False,False,False,False,False,False,True,NO_EXACT_BYTE_OR_PCM_DUPLICATE
main04_taeon_supp_001,main03_taeon_supp_006,False,False,False,False,False,False,True,NO_EXACT_BYTE_OR_PCM_DUPLICATE
main04_taeon_supp_001,main03_taeon_supp_007,False,False,False,False,False,False,True,NO_EXACT_BYTE_OR_PCM_DUPLICATE
main04_taeon_supp_001,main03_taeon_supp_008,False,False,False,False,False,False,True,NO_EXACT_BYTE_OR_PCM_DUPLICATE
main04_taeon_supp_001,main03_taeon_supp_009,False,False,False,False,False,False,True,NO_EXACT_BYTE_OR_PCM_DUPLICATE
main04_taeon_supp_001,main03_taeon_supp_010,False,False,False,False,False,False,True,NO_EXACT_BYTE_OR_PCM_DUPLICATE
main04_taeon_supp_001,main03_taeon_supp_011,False,False,False,False,False,False,True,NO_EXACT_BYTE_OR_PCM_DUPLICATE
main04_taeon_supp_001,main03_taeon_supp_012,False,False,False,False,False,False,True,NO_EXACT_BYTE_OR_PCM_DUPLICATE
main04_miel_supp_002,main03_taeon_supp_001,False,False,False,False,False,False,True,NO_EXACT_BYTE_OR_PCM_DUPLICATE
main04_miel_supp_002,main03_taeon_supp_002,False,False,False,False,False,False,True,NO_EXACT_BYTE_OR_PCM_DUPLICATE
main04_miel_supp_002,main03_taeon_supp_003,False,False,False,False,False,False,True,NO_EXACT_BYTE_OR_PCM_DUPLICATE
main04_miel_supp_002,main03_taeon_supp_004,False,False,False,False,False,False,True,NO_EXACT_BYTE_OR_PCM_DUPLICATE
main04_miel_supp_002,main03_taeon_supp_005,False,False,False,False,False,False,True,NO_EXACT_BYTE_OR_PCM_DUPLICATE
main04_miel_supp_002,main03_taeon_supp_006,False,False,False,False,False,False,True,NO_EXACT_BYTE_OR_PCM_DUPLICATE
main04_miel_supp_002,main03_taeon_supp_007,False,False,False,False,False,False,True,NO_EXACT_BYTE_OR_PCM_DUPLICATE
main04_miel_supp_002,main03_taeon_supp_008,False,False,False,False,False,False,True,NO_EXACT_BYTE_OR_PCM_DUPLICATE
main04_miel_supp_002,main03_taeon_supp_009,False,False,False,False,False,False,True,NO_EXACT_BYTE_OR_PCM_DUPLICATE
main04_miel_supp_002,main03_taeon_supp_010,False,False,False,False,False,False,True,NO_EXACT_BYTE_OR_PCM_DUPLICATE
main04_miel_supp_002,main03_taeon_supp_011,False,False,False,False,False,False,True,NO_EXACT_BYTE_OR_PCM_DUPLICATE
main04_miel_supp_002,main03_taeon_supp_012,False,False,False,False,False,False,True,NO_EXACT_BYTE_OR_PCM_DUPLICATE
main04_taeon_supp_002,main03_taeon_supp_001,False,False,False,False,False,False,True,NO_EXACT_BYTE_OR_PCM_DUPLICATE
main04_taeon_supp_002,main03_taeon_supp_002,False,False,False,False,False,False,True,NO_EXACT_BYTE_OR_PCM_DUPLICATE
main04_taeon_supp_002,main03_taeon_supp_003,False,False,False,False,False,False,True,NO_EXACT_BYTE_OR_PCM_DUPLICATE
main04_taeon_supp_002,main03_taeon_supp_004,False,False,False,False,False,False,True,NO_EXACT_BYTE_OR_PCM_DUPLICATE
main04_taeon_supp_002,main03_taeon_supp_005,False,False,False,False,False,False,True,NO_EXACT_BYTE_OR_PCM_DUPLICATE
main04_taeon_supp_002,main03_taeon_supp_006,False,False,False,False,False,False,True,NO_EXACT_BYTE_OR_PCM_DUPLICATE
main04_taeon_supp_002,main03_taeon_supp_007,False,False,False,False,False,False,True,NO_EXACT_BYTE_OR_PCM_DUPLICATE
main04_taeon_supp_002,main03_taeon_supp_008,False,False,False,False,False,False,True,NO_EXACT_BYTE_OR_PCM_DUPLICATE
main04_taeon_supp_002,main03_taeon_supp_009,False,False,False,False,False,False,True,NO_EXACT_BYTE_OR_PCM_DUPLICATE
main04_taeon_supp_002,main03_taeon_supp_010,False,False,False,False,False,False,True,NO_EXACT_BYTE_OR_PCM_DUPLICATE
main04_taeon_supp_002,main03_taeon_supp_011,False,False,False,False,False,False,True,NO_EXACT_BYTE_OR_PCM_DUPLICATE
main04_taeon_supp_002,main03_taeon_supp_012,False,False,False,False,False,False,True,NO_EXACT_BYTE_OR_PCM_DUPLICATE
main04_miel_supp_003,main03_taeon_supp_001,False,False,False,False,False,False,True,NO_EXACT_BYTE_OR_PCM_DUPLICATE
main04_miel_supp_003,main03_taeon_supp_002,False,False,False,False,False,False,True,NO_EXACT_BYTE_OR_PCM_DUPLICATE
main04_miel_supp_003,main03_taeon_supp_003,False,False,False,False,False,False,True,NO_EXACT_BYTE_OR_PCM_DUPLICATE
main04_miel_supp_003,main03_taeon_supp_004,False,False,False,False,False,False,True,NO_EXACT_BYTE_OR_PCM_DUPLICATE
main04_miel_supp_003,main03_taeon_supp_005,False,False,False,False,False,False,True,NO_EXACT_BYTE_OR_PCM_DUPLICATE
main04_miel_supp_003,main03_taeon_supp_006,False,False,False,False,False,False,True,NO_EXACT_BYTE_OR_PCM_DUPLICATE
main04_miel_supp_003,main03_taeon_supp_007,False,False,False,False,False,False,True,NO_EXACT_BYTE_OR_PCM_DUPLICATE
main04_miel_supp_003,main03_taeon_supp_008,False,False,False,False,False,False,True,NO_EXACT_BYTE_OR_PCM_DUPLICATE
main04_miel_supp_003,main03_taeon_supp_009,False,False,False,False,False,False,True,NO_EXACT_BYTE_OR_PCM_DUPLICATE
main04_miel_supp_003,main03_taeon_supp_010,False,False,False,False,False,False,True,NO_EXACT_BYTE_OR_PCM_DUPLICATE
main04_miel_supp_003,main03_taeon_supp_011,False,False,False,False,False,False,True,NO_EXACT_BYTE_OR_PCM_DUPLICATE
main04_miel_supp_003,main03_taeon_supp_012,False,False,False,False,False,False,True,NO_EXACT_BYTE_OR_PCM_DUPLICATE
main04_miel_supp_004,main03_taeon_supp_001,False,False,False,False,False,False,True,NO_EXACT_BYTE_OR_PCM_DUPLICATE
main04_miel_supp_004,main03_taeon_supp_002,False,False,False,False,False,False,True,NO_EXACT_BYTE_OR_PCM_DUPLICATE
main04_miel_supp_004,main03_taeon_supp_003,False,False,False,False,False,False,True,NO_EXACT_BYTE_OR_PCM_DUPLICATE
main04_miel_supp_004,main03_taeon_supp_004,False,False,False,False,False,False,True,NO_EXACT_BYTE_OR_PCM_DUPLICATE
main04_miel_supp_004,main03_taeon_supp_005,False,False,False,False,False,False,True,NO_EXACT_BYTE_OR_PCM_DUPLICATE
main04_miel_supp_004,main03_taeon_supp_006,False,False,False,False,False,False,True,NO_EXACT_BYTE_OR_PCM_DUPLICATE
main04_miel_supp_004,main03_taeon_supp_007,False,False,False,False,False,False,True,NO_EXACT_BYTE_OR_PCM_DUPLICATE
main04_miel_supp_004,main03_taeon_supp_008,False,False,False,False,False,False,True,NO_EXACT_BYTE_OR_PCM_DUPLICATE
main04_miel_supp_004,main03_taeon_supp_009,False,False,False,False,False,False,True,NO_EXACT_BYTE_OR_PCM_DUPLICATE
main04_miel_supp_004,main03_taeon_supp_010,False,False,False,False,False,False,True,NO_EXACT_BYTE_OR_PCM_DUPLICATE
main04_miel_supp_004,main03_taeon_supp_011,False,False,False,False,False,False,True,NO_EXACT_BYTE_OR_PCM_DUPLICATE
main04_miel_supp_004,main03_taeon_supp_012,False,False,False,False,False,False,True,NO_EXACT_BYTE_OR_PCM_DUPLICATE
main04_miel_supp_005,main03_taeon_supp_001,False,False,False,False,False,False,True,NO_EXACT_BYTE_OR_PCM_DUPLICATE
main04_miel_supp_005,main03_taeon_supp_002,False,False,False,False,False,False,True,NO_EXACT_BYTE_OR_PCM_DUPLICATE
main04_miel_supp_005,main03_taeon_supp_003,False,False,False,False,False,False,True,NO_EXACT_BYTE_OR_PCM_DUPLICATE
main04_miel_supp_005,main03_taeon_supp_004,False,False,False,False,False,False,True,NO_EXACT_BYTE_OR_PCM_DUPLICATE
main04_miel_supp_005,main03_taeon_supp_005,False,False,False,False,False,False,True,NO_EXACT_BYTE_OR_PCM_DUPLICATE
main04_miel_supp_005,main03_taeon_supp_006,False,False,False,False,False,False,True,NO_EXACT_BYTE_OR_PCM_DUPLICATE
main04_miel_supp_005,main03_taeon_supp_007,False,False,False,False,False,False,True,NO_EXACT_BYTE_OR_PCM_DUPLICATE
main04_miel_supp_005,main03_taeon_supp_008,False,False,False,False,False,False,True,NO_EXACT_BYTE_OR_PCM_DUPLICATE
main04_miel_supp_005,main03_taeon_supp_009,False,False,False,False,False,False,True,NO_EXACT_BYTE_OR_PCM_DUPLICATE
main04_miel_supp_005,main03_taeon_supp_010,False,False,False,False,False,False,True,NO_EXACT_BYTE_OR_PCM_DUPLICATE
main04_miel_supp_005,main03_taeon_supp_011,False,False,False,False,False,False,True,NO_EXACT_BYTE_OR_PCM_DUPLICATE
main04_miel_supp_005,main03_taeon_supp_012,False,False,False,False,False,False,True,NO_EXACT_BYTE_OR_PCM_DUPLICATE
main04_taeon_supp_003,main03_taeon_supp_001,False,False,False,False,False,False,True,NO_EXACT_BYTE_OR_PCM_DUPLICATE
main04_taeon_supp_003,main03_taeon_supp_002,False,False,False,False,False,False,True,NO_EXACT_BYTE_OR_PCM_DUPLICATE
main04_taeon_supp_003,main03_taeon_supp_003,False,False,False,False,False,False,True,NO_EXACT_BYTE_OR_PCM_DUPLICATE
main04_taeon_supp_003,main03_taeon_supp_004,False,False,False,False,False,False,True,NO_EXACT_BYTE_OR_PCM_DUPLICATE
main04_taeon_supp_003,main03_taeon_supp_005,False,False,False,False,False,False,True,NO_EXACT_BYTE_OR_PCM_DUPLICATE
main04_taeon_supp_003,main03_taeon_supp_006,False,False,False,False,False,False,True,NO_EXACT_BYTE_OR_PCM_DUPLICATE
main04_taeon_supp_003,main03_taeon_supp_007,False,False,False,False,False,False,True,NO_EXACT_BYTE_OR_PCM_DUPLICATE
main04_taeon_supp_003,main03_taeon_supp_008,False,False,False,False,False,False,True,NO_EXACT_BYTE_OR_PCM_DUPLICATE
main04_taeon_supp_003,main03_taeon_supp_009,False,False,False,False,False,False,True,NO_EXACT_BYTE_OR_PCM_DUPLICATE
main04_taeon_supp_003,main03_taeon_supp_010,False,False,False,False,False,False,True,NO_EXACT_BYTE_OR_PCM_DUPLICATE
main04_taeon_supp_003,main03_taeon_supp_011,False,False,False,False,False,False,True,NO_EXACT_BYTE_OR_PCM_DUPLICATE
main04_taeon_supp_003,main03_taeon_supp_012,False,False,False,False,False,False,True,NO_EXACT_BYTE_OR_PCM_DUPLICATE
main04_miel_supp_006,main03_taeon_supp_001,False,False,False,False,False,False,True,NO_EXACT_BYTE_OR_PCM_DUPLICATE
main04_miel_supp_006,main03_taeon_supp_002,False,False,False,False,False,False,True,NO_EXACT_BYTE_OR_PCM_DUPLICATE
main04_miel_supp_006,main03_taeon_supp_003,False,False,False,False,False,False,True,NO_EXACT_BYTE_OR_PCM_DUPLICATE
main04_miel_supp_006,main03_taeon_supp_004,False,False,False,False,False,False,True,NO_EXACT_BYTE_OR_PCM_DUPLICATE
main04_miel_supp_006,main03_taeon_supp_005,False,False,False,False,False,False,True,NO_EXACT_BYTE_OR_PCM_DUPLICATE
main04_miel_supp_006,main03_taeon_supp_006,False,False,False,False,False,False,True,NO_EXACT_BYTE_OR_PCM_DUPLICATE
main04_miel_supp_006,main03_taeon_supp_007,False,False,False,False,False,False,True,NO_EXACT_BYTE_OR_PCM_DUPLICATE
main04_miel_supp_006,main03_taeon_supp_008,False,False,False,False,False,False,True,NO_EXACT_BYTE_OR_PCM_DUPLICATE
main04_miel_supp_006,main03_taeon_supp_009,False,False,False,False,False,False,True,NO_EXACT_BYTE_OR_PCM_DUPLICATE
main04_miel_supp_006,main03_taeon_supp_010,False,False,False,False,False,False,True,NO_EXACT_BYTE_OR_PCM_DUPLICATE
main04_miel_supp_006,main03_taeon_supp_011,False,False,False,False,False,False,True,NO_EXACT_BYTE_OR_PCM_DUPLICATE
main04_miel_supp_006,main03_taeon_supp_012,False,False,False,False,False,False,True,NO_EXACT_BYTE_OR_PCM_DUPLICATE
