stable_id,speaker,display_text,expected_voice_text,asset_path,asset_name,resolver_key,catalog_guid,asset_guid,mapping_status,runtime_resolve,semantic_status,duration,sha256,pcm_sha256,duplicate_pcm,runtime_pcm_max_error,status,source_wav,playback_invocation,clip_name
main05_taeon_supp_001,태온,"몬스터들이 마을 쪽으로 움직이는 건 맞습니다.
하지만 마을을 노리고 있는 것 같지는 않습니다.","몬스터들이 마을 쪽으로 움직이는 건 맞습니다.
하지만 마을을 노리고 있는 것 같지는 않습니다.",Assets/_Project/Audio/Voice/Story/Main05/main05_taeon_supp_001.wav,main05_taeon_supp_001.wav,main05_taeon_supp_001|companion_taeon,ce4de626ea7fb7244b8e8ae2f02f5e53,ce4de626ea7fb7244b8e8ae2f02f5e53,PASS,PASS;Assets/_Project/Audio/Voice/Story/Main05/main05_taeon_supp_001.wav,USER_CONFIRMED_NORMAL_EXISTING_ANCHOR,10.55,7d3389e5572169ba64e158be7561aa0e6dbfb518b240217aa6bf4a304a9f5f7b,87fff54ac86de9943116ba8d060430099e1e5bcf157260296d60c4618eb74253,,0.0,PASS_FINAL,Limitless_TTS_Output_Missing_Main01_05_08_12_v2/taeon/main05_taeon_supp_001.wav,1_AUTHORED_PAGE;single_source;natural_stop;previous_clip_cleanup,main05_taeon_supp_001
main05_miel_supp_001,미엘,무언가를 피해서 내려오고 있는 것 같아요.,무언가를 피해서 내려오고 있는 것 같아요.,Assets/_Project/Audio/Voice/Story/Main05/main05_miel_supp_001.wav,main05_miel_supp_001.wav,main05_miel_supp_001|companion_miel,25bf6448d0ef95440acce32e564d5647,25bf6448d0ef95440acce32e564d5647,PASS,PASS;Assets/_Project/Audio/Voice/Story/Main05/main05_miel_supp_001.wav,USER_LISTENED_PASS_LATEST_REQUEST,3.32,ad0cb19d1c6b7ac9dff4fd98e418cacf790b605c5a0ff03867bd4999ae1b7d30,ba0c490af80c151a153b960b10b8e6126310dc4cbcdb5bf2a65d4d3f8e262eda,,0.0,PASS_FINAL,Limitless_TTS_Regen_Main05_5/main05_miel_supp_001.wav,1_AUTHORED_PAGE;single_source;natural_stop;previous_clip_cleanup,main05_miel_supp_001
main05_taeon_supp_002,태온,"저도 이 움직임이
어디서 시작됐는지 확인하고 싶습니다.","저도 이 움직임이
어디서 시작됐는지 확인하고 싶습니다.",Assets/_Project/Audio/Voice/Story/Main05/main05_taeon_supp_002.wav,main05_taeon_supp_002.wav,main05_taeon_supp_002|companion_taeon,b48a7ef6325de664f9cc8de19ad9b729,b48a7ef6325de664f9cc8de19ad9b729,PASS,PASS;Assets/_Project/Audio/Voice/Story/Main05/main05_taeon_supp_002.wav,USER_LISTENED_PASS_LATEST_REQUEST,4.96,a07dc4abf6de04ad4d744b894c46e6e7f8476e6619cacbb40e002d3e49f96993,659d13d7da1a4c5cb75c10cb68d02c9f746b02f8d363858ea39559dea8bb2c81,,0.0,PASS_FINAL,Limitless_TTS_Regen_Main05_5/main05_taeon_supp_002.wav,1_AUTHORED_PAGE;single_source;natural_stop;previous_clip_cleanup,main05_taeon_supp_002
main05_taeon_supp_003,태온,"괜찮으시다면…
조금 더 함께 가겠습니다.","괜찮으시다면…
조금 더 함께 가겠습니다.",Assets/_Project/Audio/Voice/Story/Main05/main05_taeon_supp_003.wav,main05_taeon_supp_003.wav,main05_taeon_supp_003|companion_taeon,214a4ae0abdd7944095eb85ed5e23b1b,214a4ae0abdd7944095eb85ed5e23b1b,PASS,PASS;Assets/_Project/Audio/Voice/Story/Main05/main05_taeon_supp_003.wav,USER_LISTENED_PASS_LATEST_REQUEST,3.8,5c785f1111c3fe6b1cd001e80b5ea7e5860d17de8fa8a4b7acb1dbe77869a4e5,99e06147d6a0cc85bc9041627a2ceabe20cca5d0680389b17482ac0dd7450504,,0.0,PASS_FINAL,Limitless_TTS_Regen_Main05_5/main05_taeon_supp_003.wav,1_AUTHORED_PAGE;single_source;natural_stop;previous_clip_cleanup,main05_taeon_supp_003
main05_miel_supp_002,미엘,"이대로 두면
다치는 사람이 더 생길 겁니다.","이대로 두면
다치는 사람이 더 생길 겁니다.",Assets/_Project/Audio/Voice/Story/Main05/main05_miel_supp_002.wav,main05_miel_supp_002.wav,main05_miel_supp_002|companion_miel,26ff1e3155ece364ab5eef1fcf1d522a,26ff1e3155ece364ab5eef1fcf1d522a,PASS,PASS;Assets/_Project/Audio/Voice/Story/Main05/main05_miel_supp_002.wav,USER_LISTENED_PASS_LATEST_REQUEST,3.88,0c049b8137cc63759506bb4085c555a1afd281adc4e4b8d20dd5b8718a3ef112,865a2368c01471b1fdcdec627b82eb587d7fb5e8e88557eb856579d6b3eca3f4,,0.0,PASS_FINAL,Limitless_TTS_Regen_Main05_5/main05_miel_supp_002.wav,1_AUTHORED_PAGE;single_source;natural_stop;previous_clip_cleanup,main05_miel_supp_002
main05_miel_supp_003,미엘,"저도 같이 가겠습니다.
제가 할 수 있는 일이 있을 거예요.","저도 같이 가겠습니다.
제가 할 수 있는 일이 있을 거예요.",Assets/_Project/Audio/Voice/Story/Main05/main05_miel_supp_003.wav,main05_miel_supp_003.wav,main05_miel_supp_003|companion_miel,f044a709c1d02394bbaa849ef7eec8fe,f044a709c1d02394bbaa849ef7eec8fe,PASS,PASS;Assets/_Project/Audio/Voice/Story/Main05/main05_miel_supp_003.wav,USER_LISTENED_PASS_LATEST_REQUEST,4.72,c07cba8f46aa85ba2cff4536e62508d0d4865f80ddbef0e3b3866b2a63ba7e15,236cb5780dae6e66b55ef24f5a2754d0dedb9275f25d645b9c16c772aca59e07,,0.0,PASS_FINAL,Limitless_TTS_Regen_Main05_5/main05_miel_supp_003.wav,1_AUTHORED_PAGE;single_source;natural_stop;previous_clip_cleanup,main05_miel_supp_003
