target_id,reference_id,scope,target_sha,reference_sha,target_pcm_hash,reference_pcm_hash,sha_equal,pcm_equal,result
main04_taeon_supp_004,main03_taeon_supp_001,PROTECTED_REFERENCE,af585d0963351ea3d6d2dff7b663f6cbb0e784acbbf7de11088db7573fd0a3f1,ea895d4960cba09021d863b7349370fdb4ade354b53fc98b94a53c7f12722f07,92ac69b36a5587608bd2f93849c5812286badd1f6c0b693b61367d9e61d9c37d,2dfc385b18dc716e38999c71ce0c308a668acf196512c5f12d60c880dfc25d6f,False,False,NO_EXACT_DUPLICATE
main04_taeon_supp_004,main03_taeon_supp_002,PROTECTED_REFERENCE,af585d0963351ea3d6d2dff7b663f6cbb0e784acbbf7de11088db7573fd0a3f1,45a20c2e28f54151c4385867cd5753a079f7d71671f1a5b62abf99412643324e,92ac69b36a5587608bd2f93849c5812286badd1f6c0b693b61367d9e61d9c37d,7c86fa6ce7c638c140419aed391462f994e8860f2d55e349555a5015ee6c496e,False,False,NO_EXACT_DUPLICATE
main04_taeon_supp_004,main03_taeon_supp_003,PROTECTED_REFERENCE,af585d0963351ea3d6d2dff7b663f6cbb0e784acbbf7de11088db7573fd0a3f1,63a12b7b026195eb49b336d17653d05e6b4e4d6bc5a0cff6313bf2ec4dbb2bbe,92ac69b36a5587608bd2f93849c5812286badd1f6c0b693b61367d9e61d9c37d,bdf1803b91b60149480a059ead9faca8cc520e4accd049f1b2c03d0d14886b52,False,False,NO_EXACT_DUPLICATE
main04_taeon_supp_004,main03_taeon_supp_004,PROTECTED_REFERENCE,af585d0963351ea3d6d2dff7b663f6cbb0e784acbbf7de11088db7573fd0a3f1,b77ac1bf874b4d9966e08c60570f4767dbf43797a1e456ca0b7af1ca79da43e6,92ac69b36a5587608bd2f93849c5812286badd1f6c0b693b61367d9e61d9c37d,d96523f358781df7cee744629354ca8ad4db3b464a8a927b4059063506d9e656,False,False,NO_EXACT_DUPLICATE
main04_taeon_supp_004,main03_taeon_supp_005,PROTECTED_REFERENCE,af585d0963351ea3d6d2dff7b663f6cbb0e784acbbf7de11088db7573fd0a3f1,381f156dc555e34ecf474d91017f4d4e83ddb31192a4f7884823c302436d780d,92ac69b36a5587608bd2f93849c5812286badd1f6c0b693b61367d9e61d9c37d,87f10b3ef6af5fe7ccb838ac0538c01ab304578c262e8011a664f27a90f783a7,False,False,NO_EXACT_DUPLICATE
main04_taeon_supp_004,main03_taeon_supp_006,PROTECTED_REFERENCE,af585d0963351ea3d6d2dff7b663f6cbb0e784acbbf7de11088db7573fd0a3f1,deb234f78c9211cc937a3f8e07f070bfa26619cf021f29fa1793440885ac7429,92ac69b36a5587608bd2f93849c5812286badd1f6c0b693b61367d9e61d9c37d,bc0e3fb023ae7919ede65fad84469447d30780d58d922a49dccc026b25fbe5f9,False,False,NO_EXACT_DUPLICATE
main04_taeon_supp_004,main03_taeon_supp_007,PROTECTED_REFERENCE,af585d0963351ea3d6d2dff7b663f6cbb0e784acbbf7de11088db7573fd0a3f1,b457f124e1ffad972713a56bfe3081b0fae714920a23c76185721ad7ce0e3ef1,92ac69b36a5587608bd2f93849c5812286badd1f6c0b693b61367d9e61d9c37d,707911049a99899405e7b98fa55b282e18562ca114dee02e423766f2949e3ed6,False,False,NO_EXACT_DUPLICATE
main04_taeon_supp_004,main03_taeon_supp_008,PROTECTED_REFERENCE,af585d0963351ea3d6d2dff7b663f6cbb0e784acbbf7de11088db7573fd0a3f1,c2c5b6d7f79bd8db5c0d72469d4e333dba0d44c782ef7ebc4d0cd8cf99f40cbc,92ac69b36a5587608bd2f93849c5812286badd1f6c0b693b61367d9e61d9c37d,d2ebd68303289912ba3b0cc26d4cf126b7871a0b7f628dece05de7dc60ddd85d,False,False,NO_EXACT_DUPLICATE
main04_taeon_supp_004,main03_taeon_supp_009,PROTECTED_REFERENCE,af585d0963351ea3d6d2dff7b663f6cbb0e784acbbf7de11088db7573fd0a3f1,cda84965cea4b83d1cfd5d68cc69684b82a298420a540c28269fe7046090b109,92ac69b36a5587608bd2f93849c5812286badd1f6c0b693b61367d9e61d9c37d,d88ca131fc3f00cc15349203dfef2fabb8d46caa6050a63b87344445159f9f54,False,False,NO_EXACT_DUPLICATE
main04_taeon_supp_004,main03_taeon_supp_010,PROTECTED_REFERENCE,af585d0963351ea3d6d2dff7b663f6cbb0e784acbbf7de11088db7573fd0a3f1,23a88290987323e745915baca47d17caaa1715608109500743ab4ff5eb20f52c,92ac69b36a5587608bd2f93849c5812286badd1f6c0b693b61367d9e61d9c37d,7233d2c15b0a0ae6f80264af75201df6d82d16a4f5616bef144a7633071df829,False,False,NO_EXACT_DUPLICATE
main04_taeon_supp_004,main03_taeon_supp_011,PROTECTED_REFERENCE,af585d0963351ea3d6d2dff7b663f6cbb0e784acbbf7de11088db7573fd0a3f1,f5e62f5c2e84ee7d81ccf8e169e23cc2e5078efbb6b33847b08e940d129fc54c,92ac69b36a5587608bd2f93849c5812286badd1f6c0b693b61367d9e61d9c37d,466e8abb62f656ce59a14ba7c30f8c9b763e2178173c211fe61cfb191c634cd6,False,False,NO_EXACT_DUPLICATE
main04_taeon_supp_004,main03_taeon_supp_012,PROTECTED_REFERENCE,af585d0963351ea3d6d2dff7b663f6cbb0e784acbbf7de11088db7573fd0a3f1,2a08dd57aecea6db4bebb6ee6ebd0b08569beca951fa7575300760eba324bd9e,92ac69b36a5587608bd2f93849c5812286badd1f6c0b693b61367d9e61d9c37d,cf44457009850144e3d0328bbae60144766692ebc87edcb453cacbdfb1df4bfe,False,False,NO_EXACT_DUPLICATE
main04_taeon_supp_004,main04_miel_supp_001,PROTECTED_REFERENCE,af585d0963351ea3d6d2dff7b663f6cbb0e784acbbf7de11088db7573fd0a3f1,e1ba067bd91ef10ed9e92cf6efaa0a8a4fd118c6970a826e2189229d62c31ea7,92ac69b36a5587608bd2f93849c5812286badd1f6c0b693b61367d9e61d9c37d,7f226c0706fbca675ff2a0f1e6ce3320efb00916beadf2270bfbc6d7efd68d77,False,False,NO_EXACT_DUPLICATE
main04_taeon_supp_004,main04_miel_supp_002,PROTECTED_REFERENCE,af585d0963351ea3d6d2dff7b663f6cbb0e784acbbf7de11088db7573fd0a3f1,2fb1425e82c9f4d5d609b9d90fc3619bef32ec6fbc2a02a42ee2b3a79ed5e676,92ac69b36a5587608bd2f93849c5812286badd1f6c0b693b61367d9e61d9c37d,614f00716a11f63953ee8f0ecf2adbb0408bc1561d97875637baa5a5b39b11bc,False,False,NO_EXACT_DUPLICATE
main04_taeon_supp_004,main04_miel_supp_003,PROTECTED_REFERENCE,af585d0963351ea3d6d2dff7b663f6cbb0e784acbbf7de11088db7573fd0a3f1,fc0c804321c31d58589817fb5e4b8f003dcb84c05372ba874ee3ae6cd029dbb8,92ac69b36a5587608bd2f93849c5812286badd1f6c0b693b61367d9e61d9c37d,db841321c3a6aa17d63a8e7a2eb60b36e766be6437b5836120b987b8de97374f,False,False,NO_EXACT_DUPLICATE
main04_taeon_supp_004,main04_miel_supp_004,PROTECTED_REFERENCE,af585d0963351ea3d6d2dff7b663f6cbb0e784acbbf7de11088db7573fd0a3f1,5d3562fc556b7aaefb488cff1e24a88f269ab36c4b518ea7c4f37a3b95fdc714,92ac69b36a5587608bd2f93849c5812286badd1f6c0b693b61367d9e61d9c37d,ae6ff9d915837f5ed9880ef4f42179787f6fbada93a221e1cfd226c7c8a715ee,False,False,NO_EXACT_DUPLICATE
main04_taeon_supp_004,main04_miel_supp_005,PROTECTED_REFERENCE,af585d0963351ea3d6d2dff7b663f6cbb0e784acbbf7de11088db7573fd0a3f1,d44dace76e3662051413eaaed34556fd07ffc45b07257d4d8dee3e7b5dec6140,92ac69b36a5587608bd2f93849c5812286badd1f6c0b693b61367d9e61d9c37d,da90f61448c411f25795dce31a4792d38fbe0c56b669d86653b1ea3d93252df7,False,False,NO_EXACT_DUPLICATE
main04_taeon_supp_004,main04_miel_supp_006,PROTECTED_REFERENCE,af585d0963351ea3d6d2dff7b663f6cbb0e784acbbf7de11088db7573fd0a3f1,d77657b1143e1aa5f7fc691764b8ccc373e1dcff3ae1506d7c74167c6d3d120c,92ac69b36a5587608bd2f93849c5812286badd1f6c0b693b61367d9e61d9c37d,024dc9b28bc990e956f9a5f4fec6101ea35f24d6bffa87917be6eb1c42e7cc1e,False,False,NO_EXACT_DUPLICATE
main04_taeon_supp_004,main04_taeon_supp_001,PROTECTED_REFERENCE,af585d0963351ea3d6d2dff7b663f6cbb0e784acbbf7de11088db7573fd0a3f1,6f3f59dd7360c54c22df5cb49db6e0478bb1ae494aff811b8a519d4898315ecf,92ac69b36a5587608bd2f93849c5812286badd1f6c0b693b61367d9e61d9c37d,9096236953ba40636d0cc5c6771ec9c0b68f3035c857c56664fe044c5f14b8b1,False,False,NO_EXACT_DUPLICATE
main04_taeon_supp_004,main04_taeon_supp_002,PROTECTED_REFERENCE,af585d0963351ea3d6d2dff7b663f6cbb0e784acbbf7de11088db7573fd0a3f1,28f223b9d7ca404cc5052027649cb74fa28184c3d2fc092616cc433a31a6cd07,92ac69b36a5587608bd2f93849c5812286badd1f6c0b693b61367d9e61d9c37d,a812500c32215aa4dc921a623d10f3c38b3a3bf7aed2edb0550b6f218cf52469,False,False,NO_EXACT_DUPLICATE
main04_taeon_supp_004,main04_taeon_supp_003,PROTECTED_REFERENCE,af585d0963351ea3d6d2dff7b663f6cbb0e784acbbf7de11088db7573fd0a3f1,79f340ff378fa7b3eebd3542e706e1c71402f37f2ce9c4c9db4233da04e54828,92ac69b36a5587608bd2f93849c5812286badd1f6c0b693b61367d9e61d9c37d,cff54892071eacc28d84d7d52709ac46877d548b99188488b2a3bab8ba6d8357,False,False,NO_EXACT_DUPLICATE
main04_miel_supp_007,main03_taeon_supp_001,PROTECTED_REFERENCE,cbb5ee777f39c9c1e96f2b8ffba2b7125223d7f6a4fac9e16039186c21afd704,ea895d4960cba09021d863b7349370fdb4ade354b53fc98b94a53c7f12722f07,2d8d3c5d638c8f3d3eed718c47f5e9c34daf65c8622bd8abab64952219a815e3,2dfc385b18dc716e38999c71ce0c308a668acf196512c5f12d60c880dfc25d6f,False,False,NO_EXACT_DUPLICATE
main04_miel_supp_007,main03_taeon_supp_002,PROTECTED_REFERENCE,cbb5ee777f39c9c1e96f2b8ffba2b7125223d7f6a4fac9e16039186c21afd704,45a20c2e28f54151c4385867cd5753a079f7d71671f1a5b62abf99412643324e,2d8d3c5d638c8f3d3eed718c47f5e9c34daf65c8622bd8abab64952219a815e3,7c86fa6ce7c638c140419aed391462f994e8860f2d55e349555a5015ee6c496e,False,False,NO_EXACT_DUPLICATE
main04_miel_supp_007,main03_taeon_supp_003,PROTECTED_REFERENCE,cbb5ee777f39c9c1e96f2b8ffba2b7125223d7f6a4fac9e16039186c21afd704,63a12b7b026195eb49b336d17653d05e6b4e4d6bc5a0cff6313bf2ec4dbb2bbe,2d8d3c5d638c8f3d3eed718c47f5e9c34daf65c8622bd8abab64952219a815e3,bdf1803b91b60149480a059ead9faca8cc520e4accd049f1b2c03d0d14886b52,False,False,NO_EXACT_DUPLICATE
main04_miel_supp_007,main03_taeon_supp_004,PROTECTED_REFERENCE,cbb5ee777f39c9c1e96f2b8ffba2b7125223d7f6a4fac9e16039186c21afd704,b77ac1bf874b4d9966e08c60570f4767dbf43797a1e456ca0b7af1ca79da43e6,2d8d3c5d638c8f3d3eed718c47f5e9c34daf65c8622bd8abab64952219a815e3,d96523f358781df7cee744629354ca8ad4db3b464a8a927b4059063506d9e656,False,False,NO_EXACT_DUPLICATE
main04_miel_supp_007,main03_taeon_supp_005,PROTECTED_REFERENCE,cbb5ee777f39c9c1e96f2b8ffba2b7125223d7f6a4fac9e16039186c21afd704,381f156dc555e34ecf474d91017f4d4e83ddb31192a4f7884823c302436d780d,2d8d3c5d638c8f3d3eed718c47f5e9c34daf65c8622bd8abab64952219a815e3,87f10b3ef6af5fe7ccb838ac0538c01ab304578c262e8011a664f27a90f783a7,False,False,NO_EXACT_DUPLICATE
main04_miel_supp_007,main03_taeon_supp_006,PROTECTED_REFERENCE,cbb5ee777f39c9c1e96f2b8ffba2b7125223d7f6a4fac9e16039186c21afd704,deb234f78c9211cc937a3f8e07f070bfa26619cf021f29fa1793440885ac7429,2d8d3c5d638c8f3d3eed718c47f5e9c34daf65c8622bd8abab64952219a815e3,bc0e3fb023ae7919ede65fad84469447d30780d58d922a49dccc026b25fbe5f9,False,False,NO_EXACT_DUPLICATE
main04_miel_supp_007,main03_taeon_supp_007,PROTECTED_REFERENCE,cbb5ee777f39c9c1e96f2b8ffba2b7125223d7f6a4fac9e16039186c21afd704,b457f124e1ffad972713a56bfe3081b0fae714920a23c76185721ad7ce0e3ef1,2d8d3c5d638c8f3d3eed718c47f5e9c34daf65c8622bd8abab64952219a815e3,707911049a99899405e7b98fa55b282e18562ca114dee02e423766f2949e3ed6,False,False,NO_EXACT_DUPLICATE
main04_miel_supp_007,main03_taeon_supp_008,PROTECTED_REFERENCE,cbb5ee777f39c9c1e96f2b8ffba2b7125223d7f6a4fac9e16039186c21afd704,c2c5b6d7f79bd8db5c0d72469d4e333dba0d44c782ef7ebc4d0cd8cf99f40cbc,2d8d3c5d638c8f3d3eed718c47f5e9c34daf65c8622bd8abab64952219a815e3,d2ebd68303289912ba3b0cc26d4cf126b7871a0b7f628dece05de7dc60ddd85d,False,False,NO_EXACT_DUPLICATE
main04_miel_supp_007,main03_taeon_supp_009,PROTECTED_REFERENCE,cbb5ee777f39c9c1e96f2b8ffba2b7125223d7f6a4fac9e16039186c21afd704,cda84965cea4b83d1cfd5d68cc69684b82a298420a540c28269fe7046090b109,2d8d3c5d638c8f3d3eed718c47f5e9c34daf65c8622bd8abab64952219a815e3,d88ca131fc3f00cc15349203dfef2fabb8d46caa6050a63b87344445159f9f54,False,False,NO_EXACT_DUPLICATE
main04_miel_supp_007,main03_taeon_supp_010,PROTECTED_REFERENCE,cbb5ee777f39c9c1e96f2b8ffba2b7125223d7f6a4fac9e16039186c21afd704,23a88290987323e745915baca47d17caaa1715608109500743ab4ff5eb20f52c,2d8d3c5d638c8f3d3eed718c47f5e9c34daf65c8622bd8abab64952219a815e3,7233d2c15b0a0ae6f80264af75201df6d82d16a4f5616bef144a7633071df829,False,False,NO_EXACT_DUPLICATE
main04_miel_supp_007,main03_taeon_supp_011,PROTECTED_REFERENCE,cbb5ee777f39c9c1e96f2b8ffba2b7125223d7f6a4fac9e16039186c21afd704,f5e62f5c2e84ee7d81ccf8e169e23cc2e5078efbb6b33847b08e940d129fc54c,2d8d3c5d638c8f3d3eed718c47f5e9c34daf65c8622bd8abab64952219a815e3,466e8abb62f656ce59a14ba7c30f8c9b763e2178173c211fe61cfb191c634cd6,False,False,NO_EXACT_DUPLICATE
main04_miel_supp_007,main03_taeon_supp_012,PROTECTED_REFERENCE,cbb5ee777f39c9c1e96f2b8ffba2b7125223d7f6a4fac9e16039186c21afd704,2a08dd57aecea6db4bebb6ee6ebd0b08569beca951fa7575300760eba324bd9e,2d8d3c5d638c8f3d3eed718c47f5e9c34daf65c8622bd8abab64952219a815e3,cf44457009850144e3d0328bbae60144766692ebc87edcb453cacbdfb1df4bfe,False,False,NO_EXACT_DUPLICATE
main04_miel_supp_007,main04_miel_supp_001,PROTECTED_REFERENCE,cbb5ee777f39c9c1e96f2b8ffba2b7125223d7f6a4fac9e16039186c21afd704,e1ba067bd91ef10ed9e92cf6efaa0a8a4fd118c6970a826e2189229d62c31ea7,2d8d3c5d638c8f3d3eed718c47f5e9c34daf65c8622bd8abab64952219a815e3,7f226c0706fbca675ff2a0f1e6ce3320efb00916beadf2270bfbc6d7efd68d77,False,False,NO_EXACT_DUPLICATE
main04_miel_supp_007,main04_miel_supp_002,PROTECTED_REFERENCE,cbb5ee777f39c9c1e96f2b8ffba2b7125223d7f6a4fac9e16039186c21afd704,2fb1425e82c9f4d5d609b9d90fc3619bef32ec6fbc2a02a42ee2b3a79ed5e676,2d8d3c5d638c8f3d3eed718c47f5e9c34daf65c8622bd8abab64952219a815e3,614f00716a11f63953ee8f0ecf2adbb0408bc1561d97875637baa5a5b39b11bc,False,False,NO_EXACT_DUPLICATE
main04_miel_supp_007,main04_miel_supp_003,PROTECTED_REFERENCE,cbb5ee777f39c9c1e96f2b8ffba2b7125223d7f6a4fac9e16039186c21afd704,fc0c804321c31d58589817fb5e4b8f003dcb84c05372ba874ee3ae6cd029dbb8,2d8d3c5d638c8f3d3eed718c47f5e9c34daf65c8622bd8abab64952219a815e3,db841321c3a6aa17d63a8e7a2eb60b36e766be6437b5836120b987b8de97374f,False,False,NO_EXACT_DUPLICATE
main04_miel_supp_007,main04_miel_supp_004,PROTECTED_REFERENCE,cbb5ee777f39c9c1e96f2b8ffba2b7125223d7f6a4fac9e16039186c21afd704,5d3562fc556b7aaefb488cff1e24a88f269ab36c4b518ea7c4f37a3b95fdc714,2d8d3c5d638c8f3d3eed718c47f5e9c34daf65c8622bd8abab64952219a815e3,ae6ff9d915837f5ed9880ef4f42179787f6fbada93a221e1cfd226c7c8a715ee,False,False,NO_EXACT_DUPLICATE
main04_miel_supp_007,main04_miel_supp_005,PROTECTED_REFERENCE,cbb5ee777f39c9c1e96f2b8ffba2b7125223d7f6a4fac9e16039186c21afd704,d44dace76e3662051413eaaed34556fd07ffc45b07257d4d8dee3e7b5dec6140,2d8d3c5d638c8f3d3eed718c47f5e9c34daf65c8622bd8abab64952219a815e3,da90f61448c411f25795dce31a4792d38fbe0c56b669d86653b1ea3d93252df7,False,False,NO_EXACT_DUPLICATE
main04_miel_supp_007,main04_miel_supp_006,PROTECTED_REFERENCE,cbb5ee777f39c9c1e96f2b8ffba2b7125223d7f6a4fac9e16039186c21afd704,d77657b1143e1aa5f7fc691764b8ccc373e1dcff3ae1506d7c74167c6d3d120c,2d8d3c5d638c8f3d3eed718c47f5e9c34daf65c8622bd8abab64952219a815e3,024dc9b28bc990e956f9a5f4fec6101ea35f24d6bffa87917be6eb1c42e7cc1e,False,False,NO_EXACT_DUPLICATE
main04_miel_supp_007,main04_taeon_supp_001,PROTECTED_REFERENCE,cbb5ee777f39c9c1e96f2b8ffba2b7125223d7f6a4fac9e16039186c21afd704,6f3f59dd7360c54c22df5cb49db6e0478bb1ae494aff811b8a519d4898315ecf,2d8d3c5d638c8f3d3eed718c47f5e9c34daf65c8622bd8abab64952219a815e3,9096236953ba40636d0cc5c6771ec9c0b68f3035c857c56664fe044c5f14b8b1,False,False,NO_EXACT_DUPLICATE
main04_miel_supp_007,main04_taeon_supp_002,PROTECTED_REFERENCE,cbb5ee777f39c9c1e96f2b8ffba2b7125223d7f6a4fac9e16039186c21afd704,28f223b9d7ca404cc5052027649cb74fa28184c3d2fc092616cc433a31a6cd07,2d8d3c5d638c8f3d3eed718c47f5e9c34daf65c8622bd8abab64952219a815e3,a812500c32215aa4dc921a623d10f3c38b3a3bf7aed2edb0550b6f218cf52469,False,False,NO_EXACT_DUPLICATE
main04_miel_supp_007,main04_taeon_supp_003,PROTECTED_REFERENCE,cbb5ee777f39c9c1e96f2b8ffba2b7125223d7f6a4fac9e16039186c21afd704,79f340ff378fa7b3eebd3542e706e1c71402f37f2ce9c4c9db4233da04e54828,2d8d3c5d638c8f3d3eed718c47f5e9c34daf65c8622bd8abab64952219a815e3,cff54892071eacc28d84d7d52709ac46877d548b99188488b2a3bab8ba6d8357,False,False,NO_EXACT_DUPLICATE
main04_miel_supp_008,main03_taeon_supp_001,PROTECTED_REFERENCE,105bcf5ba4b71c95309360359dfc9ffa7d2e300a9af715befcba0b9d96ecb1dd,ea895d4960cba09021d863b7349370fdb4ade354b53fc98b94a53c7f12722f07,734a054ad69b42b893ab2432d7e408ab4b8e2617aa6aa40c0f9368b221ac27f8,2dfc385b18dc716e38999c71ce0c308a668acf196512c5f12d60c880dfc25d6f,False,False,NO_EXACT_DUPLICATE
main04_miel_supp_008,main03_taeon_supp_002,PROTECTED_REFERENCE,105bcf5ba4b71c95309360359dfc9ffa7d2e300a9af715befcba0b9d96ecb1dd,45a20c2e28f54151c4385867cd5753a079f7d71671f1a5b62abf99412643324e,734a054ad69b42b893ab2432d7e408ab4b8e2617aa6aa40c0f9368b221ac27f8,7c86fa6ce7c638c140419aed391462f994e8860f2d55e349555a5015ee6c496e,False,False,NO_EXACT_DUPLICATE
main04_miel_supp_008,main03_taeon_supp_003,PROTECTED_REFERENCE,105bcf5ba4b71c95309360359dfc9ffa7d2e300a9af715befcba0b9d96ecb1dd,63a12b7b026195eb49b336d17653d05e6b4e4d6bc5a0cff6313bf2ec4dbb2bbe,734a054ad69b42b893ab2432d7e408ab4b8e2617aa6aa40c0f9368b221ac27f8,bdf1803b91b60149480a059ead9faca8cc520e4accd049f1b2c03d0d14886b52,False,False,NO_EXACT_DUPLICATE
main04_miel_supp_008,main03_taeon_supp_004,PROTECTED_REFERENCE,105bcf5ba4b71c95309360359dfc9ffa7d2e300a9af715befcba0b9d96ecb1dd,b77ac1bf874b4d9966e08c60570f4767dbf43797a1e456ca0b7af1ca79da43e6,734a054ad69b42b893ab2432d7e408ab4b8e2617aa6aa40c0f9368b221ac27f8,d96523f358781df7cee744629354ca8ad4db3b464a8a927b4059063506d9e656,False,False,NO_EXACT_DUPLICATE
main04_miel_supp_008,main03_taeon_supp_005,PROTECTED_REFERENCE,105bcf5ba4b71c95309360359dfc9ffa7d2e300a9af715befcba0b9d96ecb1dd,381f156dc555e34ecf474d91017f4d4e83ddb31192a4f7884823c302436d780d,734a054ad69b42b893ab2432d7e408ab4b8e2617aa6aa40c0f9368b221ac27f8,87f10b3ef6af5fe7ccb838ac0538c01ab304578c262e8011a664f27a90f783a7,False,False,NO_EXACT_DUPLICATE
main04_miel_supp_008,main03_taeon_supp_006,PROTECTED_REFERENCE,105bcf5ba4b71c95309360359dfc9ffa7d2e300a9af715befcba0b9d96ecb1dd,deb234f78c9211cc937a3f8e07f070bfa26619cf021f29fa1793440885ac7429,734a054ad69b42b893ab2432d7e408ab4b8e2617aa6aa40c0f9368b221ac27f8,bc0e3fb023ae7919ede65fad84469447d30780d58d922a49dccc026b25fbe5f9,False,False,NO_EXACT_DUPLICATE
main04_miel_supp_008,main03_taeon_supp_007,PROTECTED_REFERENCE,105bcf5ba4b71c95309360359dfc9ffa7d2e300a9af715befcba0b9d96ecb1dd,b457f124e1ffad972713a56bfe3081b0fae714920a23c76185721ad7ce0e3ef1,734a054ad69b42b893ab2432d7e408ab4b8e2617aa6aa40c0f9368b221ac27f8,707911049a99899405e7b98fa55b282e18562ca114dee02e423766f2949e3ed6,False,False,NO_EXACT_DUPLICATE
main04_miel_supp_008,main03_taeon_supp_008,PROTECTED_REFERENCE,105bcf5ba4b71c95309360359dfc9ffa7d2e300a9af715befcba0b9d96ecb1dd,c2c5b6d7f79bd8db5c0d72469d4e333dba0d44c782ef7ebc4d0cd8cf99f40cbc,734a054ad69b42b893ab2432d7e408ab4b8e2617aa6aa40c0f9368b221ac27f8,d2ebd68303289912ba3b0cc26d4cf126b7871a0b7f628dece05de7dc60ddd85d,False,False,NO_EXACT_DUPLICATE
main04_miel_supp_008,main03_taeon_supp_009,PROTECTED_REFERENCE,105bcf5ba4b71c95309360359dfc9ffa7d2e300a9af715befcba0b9d96ecb1dd,cda84965cea4b83d1cfd5d68cc69684b82a298420a540c28269fe7046090b109,734a054ad69b42b893ab2432d7e408ab4b8e2617aa6aa40c0f9368b221ac27f8,d88ca131fc3f00cc15349203dfef2fabb8d46caa6050a63b87344445159f9f54,False,False,NO_EXACT_DUPLICATE
main04_miel_supp_008,main03_taeon_supp_010,PROTECTED_REFERENCE,105bcf5ba4b71c95309360359dfc9ffa7d2e300a9af715befcba0b9d96ecb1dd,23a88290987323e745915baca47d17caaa1715608109500743ab4ff5eb20f52c,734a054ad69b42b893ab2432d7e408ab4b8e2617aa6aa40c0f9368b221ac27f8,7233d2c15b0a0ae6f80264af75201df6d82d16a4f5616bef144a7633071df829,False,False,NO_EXACT_DUPLICATE
main04_miel_supp_008,main03_taeon_supp_011,PROTECTED_REFERENCE,105bcf5ba4b71c95309360359dfc9ffa7d2e300a9af715befcba0b9d96ecb1dd,f5e62f5c2e84ee7d81ccf8e169e23cc2e5078efbb6b33847b08e940d129fc54c,734a054ad69b42b893ab2432d7e408ab4b8e2617aa6aa40c0f9368b221ac27f8,466e8abb62f656ce59a14ba7c30f8c9b763e2178173c211fe61cfb191c634cd6,False,False,NO_EXACT_DUPLICATE
main04_miel_supp_008,main03_taeon_supp_012,PROTECTED_REFERENCE,105bcf5ba4b71c95309360359dfc9ffa7d2e300a9af715befcba0b9d96ecb1dd,2a08dd57aecea6db4bebb6ee6ebd0b08569beca951fa7575300760eba324bd9e,734a054ad69b42b893ab2432d7e408ab4b8e2617aa6aa40c0f9368b221ac27f8,cf44457009850144e3d0328bbae60144766692ebc87edcb453cacbdfb1df4bfe,False,False,NO_EXACT_DUPLICATE
main04_miel_supp_008,main04_miel_supp_001,PROTECTED_REFERENCE,105bcf5ba4b71c95309360359dfc9ffa7d2e300a9af715befcba0b9d96ecb1dd,e1ba067bd91ef10ed9e92cf6efaa0a8a4fd118c6970a826e2189229d62c31ea7,734a054ad69b42b893ab2432d7e408ab4b8e2617aa6aa40c0f9368b221ac27f8,7f226c0706fbca675ff2a0f1e6ce3320efb00916beadf2270bfbc6d7efd68d77,False,False,NO_EXACT_DUPLICATE
main04_miel_supp_008,main04_miel_supp_002,PROTECTED_REFERENCE,105bcf5ba4b71c95309360359dfc9ffa7d2e300a9af715befcba0b9d96ecb1dd,2fb1425e82c9f4d5d609b9d90fc3619bef32ec6fbc2a02a42ee2b3a79ed5e676,734a054ad69b42b893ab2432d7e408ab4b8e2617aa6aa40c0f9368b221ac27f8,614f00716a11f63953ee8f0ecf2adbb0408bc1561d97875637baa5a5b39b11bc,False,False,NO_EXACT_DUPLICATE
main04_miel_supp_008,main04_miel_supp_003,PROTECTED_REFERENCE,105bcf5ba4b71c95309360359dfc9ffa7d2e300a9af715befcba0b9d96ecb1dd,fc0c804321c31d58589817fb5e4b8f003dcb84c05372ba874ee3ae6cd029dbb8,734a054ad69b42b893ab2432d7e408ab4b8e2617aa6aa40c0f9368b221ac27f8,db841321c3a6aa17d63a8e7a2eb60b36e766be6437b5836120b987b8de97374f,False,False,NO_EXACT_DUPLICATE
main04_miel_supp_008,main04_miel_supp_004,PROTECTED_REFERENCE,105bcf5ba4b71c95309360359dfc9ffa7d2e300a9af715befcba0b9d96ecb1dd,5d3562fc556b7aaefb488cff1e24a88f269ab36c4b518ea7c4f37a3b95fdc714,734a054ad69b42b893ab2432d7e408ab4b8e2617aa6aa40c0f9368b221ac27f8,ae6ff9d915837f5ed9880ef4f42179787f6fbada93a221e1cfd226c7c8a715ee,False,False,NO_EXACT_DUPLICATE
main04_miel_supp_008,main04_miel_supp_005,PROTECTED_REFERENCE,105bcf5ba4b71c95309360359dfc9ffa7d2e300a9af715befcba0b9d96ecb1dd,d44dace76e3662051413eaaed34556fd07ffc45b07257d4d8dee3e7b5dec6140,734a054ad69b42b893ab2432d7e408ab4b8e2617aa6aa40c0f9368b221ac27f8,da90f61448c411f25795dce31a4792d38fbe0c56b669d86653b1ea3d93252df7,False,False,NO_EXACT_DUPLICATE
main04_miel_supp_008,main04_miel_supp_006,PROTECTED_REFERENCE,105bcf5ba4b71c95309360359dfc9ffa7d2e300a9af715befcba0b9d96ecb1dd,d77657b1143e1aa5f7fc691764b8ccc373e1dcff3ae1506d7c74167c6d3d120c,734a054ad69b42b893ab2432d7e408ab4b8e2617aa6aa40c0f9368b221ac27f8,024dc9b28bc990e956f9a5f4fec6101ea35f24d6bffa87917be6eb1c42e7cc1e,False,False,NO_EXACT_DUPLICATE
main04_miel_supp_008,main04_taeon_supp_001,PROTECTED_REFERENCE,105bcf5ba4b71c95309360359dfc9ffa7d2e300a9af715befcba0b9d96ecb1dd,6f3f59dd7360c54c22df5cb49db6e0478bb1ae494aff811b8a519d4898315ecf,734a054ad69b42b893ab2432d7e408ab4b8e2617aa6aa40c0f9368b221ac27f8,9096236953ba40636d0cc5c6771ec9c0b68f3035c857c56664fe044c5f14b8b1,False,False,NO_EXACT_DUPLICATE
main04_miel_supp_008,main04_taeon_supp_002,PROTECTED_REFERENCE,105bcf5ba4b71c95309360359dfc9ffa7d2e300a9af715befcba0b9d96ecb1dd,28f223b9d7ca404cc5052027649cb74fa28184c3d2fc092616cc433a31a6cd07,734a054ad69b42b893ab2432d7e408ab4b8e2617aa6aa40c0f9368b221ac27f8,a812500c32215aa4dc921a623d10f3c38b3a3bf7aed2edb0550b6f218cf52469,False,False,NO_EXACT_DUPLICATE
main04_miel_supp_008,main04_taeon_supp_003,PROTECTED_REFERENCE,105bcf5ba4b71c95309360359dfc9ffa7d2e300a9af715befcba0b9d96ecb1dd,79f340ff378fa7b3eebd3542e706e1c71402f37f2ce9c4c9db4233da04e54828,734a054ad69b42b893ab2432d7e408ab4b8e2617aa6aa40c0f9368b221ac27f8,cff54892071eacc28d84d7d52709ac46877d548b99188488b2a3bab8ba6d8357,False,False,NO_EXACT_DUPLICATE
main04_taeon_supp_004,main04_miel_supp_007,TARGET_INTERNAL,af585d0963351ea3d6d2dff7b663f6cbb0e784acbbf7de11088db7573fd0a3f1,cbb5ee777f39c9c1e96f2b8ffba2b7125223d7f6a4fac9e16039186c21afd704,92ac69b36a5587608bd2f93849c5812286badd1f6c0b693b61367d9e61d9c37d,2d8d3c5d638c8f3d3eed718c47f5e9c34daf65c8622bd8abab64952219a815e3,False,False,NO_EXACT_DUPLICATE
main04_taeon_supp_004,main04_miel_supp_008,TARGET_INTERNAL,af585d0963351ea3d6d2dff7b663f6cbb0e784acbbf7de11088db7573fd0a3f1,105bcf5ba4b71c95309360359dfc9ffa7d2e300a9af715befcba0b9d96ecb1dd,92ac69b36a5587608bd2f93849c5812286badd1f6c0b693b61367d9e61d9c37d,734a054ad69b42b893ab2432d7e408ab4b8e2617aa6aa40c0f9368b221ac27f8,False,False,NO_EXACT_DUPLICATE
main04_miel_supp_007,main04_miel_supp_008,TARGET_INTERNAL,cbb5ee777f39c9c1e96f2b8ffba2b7125223d7f6a4fac9e16039186c21afd704,105bcf5ba4b71c95309360359dfc9ffa7d2e300a9af715befcba0b9d96ecb1dd,2d8d3c5d638c8f3d3eed718c47f5e9c34daf65c8622bd8abab64952219a815e3,734a054ad69b42b893ab2432d7e408ab4b8e2617aa6aa40c0f9368b221ac27f8,False,False,NO_EXACT_DUPLICATE
