order,dialogue_id,sequence,index,speaker_id,exact_runtime_text,voice_expected,manifest_text,wav_filename,unity_asset_path,guid,sha256,pcm_hash,duration,rms_dbfs,peak_dbfs,catalog_clip,semantic_status,required_action,runtime_technical,pcm_samples,pcm_max_error,trace
1,main04_miel_supp_008,AfterBattleConversation,0,companion_miel,"괜찮으세요?
다친 곳부터 확인할게요.",YES,"괜찮으세요?
다친 곳부터 확인할게요.",main04_miel_supp_008.wav,Unity\Client\Assets\_Project\Audio\Voice\Story\Main04\main04_miel_supp_008.wav,06fa822df904fa04089d9ef30ead21c7,939bd36a013f7c62c841a2f9c54dccf6861d36f739b63e1b49742a2ac5657c1d,962310018a2d6b427f89880e020734ac3b169d64ac988db63f59b7c853949dcf,4.08,-18.099379645088167,-1.8562171632443176,main04_miel_supp_008,USER_RUNTIME_PASS_PROTECTED,NONE,RUNTIME_CLIP_SOURCE_PCM_PASS,97920,0,TRACE order=1 id=main04_miel_supp_008 speaker=companion_miel resolved=main04_miel_supp_008 source=main04_miel_supp_008 start=17098.6919551 duration=4.08 naturalStop=17102.7808007 lastTimeSample=97280 manualNextAvailable=immediate_skip_policy autoNext=false
2,main04_taeon_supp_005,AfterBattleConversation,1,companion_taeon,본인부터 보셔야 하는 것 아닙니까?,YES,본인부터 보셔야 하는 것 아닙니까?,main04_taeon_supp_005.wav,Unity\Client\Assets\_Project\Audio\Voice\Story\Main04\main04_taeon_supp_005.wav,2b77adb51516d734aa5348f18fc42086,d01fe51d7c8c6d94a4411477ffd6b98ab3c62fe99267ed0bef11384383afdf1e,d7bdf94df84e8a14b491718048c8502e1a8a48d2f6e5f6d098d5edaccbb8f47c,2.71,-19.874474049611873,-4.587507621682888,main04_taeon_supp_005,USER_RUNTIME_PASS_PROTECTED,NONE,RUNTIME_CLIP_SOURCE_PCM_PASS,65040,0,TRACE order=2 id=main04_taeon_supp_005 speaker=companion_taeon resolved=main04_taeon_supp_005 source=main04_taeon_supp_005 start=17103.5695608 duration=2.71 naturalStop=17106.3033365 lastTimeSample=64000 manualNextAvailable=immediate_skip_policy autoNext=false
3,main04_miel_supp_009,AfterBattleConversation,2,companion_miel,"저도 볼 겁니다.
이번에는 순서대로요.",YES,"저도 볼 겁니다.
이번에는 순서대로요.",main04_miel_supp_009.wav,Unity\Client\Assets\_Project\Audio\Voice\Story\Main04\main04_miel_supp_009.wav,fa9ec6a96bb329840be3727f31a9c598,4b9817cdf1df61435f70e39afb2eeac6242e35628c27555e829386d5d681bac9,d9fe2e14e1d15ddc1e196c2503f196904cda6148d97e01080a858aeaa3e8ccc2,2.73,-18.982196912184957,-1.6585918720157684,main04_miel_supp_009,WRONG_AUDIO_CONTENT;RUNTIME_SEMANTIC_MISMATCH,TTS_REGEN_REQUIRED;NO_REMAP,RUNTIME_CLIP_SOURCE_PCM_PASS,65520,0,TRACE order=3 id=main04_miel_supp_009 speaker=companion_miel resolved=main04_miel_supp_009 source=main04_miel_supp_009 start=17107.0550134 duration=2.73 naturalStop=17109.7960421 lastTimeSample=64512 manualNextAvailable=immediate_skip_policy autoNext=false
4,main04_taeon_supp_006,AfterBattleConversation,3,companion_taeon,"제가 본 움직임과
이곳에서 있었던 일까지 합치면…",YES,"제가 본 움직임과
이곳에서 있었던 일까지 합치면…",main04_taeon_supp_006.wav,Unity\Client\Assets\_Project\Audio\Voice\Story\Main04\main04_taeon_supp_006.wav,6dc204a95cf23ea418494ccc6c56a51a,3373b9b988968d531a996e83a111153aa606e5829ce7d8610d23aff9238055ba,70842df43fe14bd9d70eb55c4ec437a2ab240ab8b690f4f5e2d20d998e6acff2,4.63,-23.791370453774967,-5.574223829061466,main04_taeon_supp_006,SEMANTIC_INTEGRITY_SUSPECT;USER_RUNTIME_RANGE_ORDER_MISMATCH,TTS_REGEN_REQUIRED;NO_REMAP,RUNTIME_CLIP_SOURCE_PCM_PASS,111120,0,TRACE order=4 id=main04_taeon_supp_006 speaker=companion_taeon resolved=main04_taeon_supp_006 source=main04_taeon_supp_006 start=17110.5449044 duration=4.63 naturalStop=17115.2394054 lastTimeSample=111104 manualNextAvailable=immediate_skip_policy autoNext=false
5,,AfterBattleConversation,4,player,"몬스터들이 마을을 노리고
내려오는 건 아닌 것 같습니다.",NONE,N/A,NONE,NONE,,,,,,,NONE,PLAYER_SILENT_PASS,NONE,PLAYER_VOICE_PORTRAIT0_PASS,0,0,PLAYER_SILENT
6,main04_miel_supp_010,AfterBattleConversation,5,companion_miel,"초원보다 더 안쪽에서
무언가가 벌어지고 있는 것 같아요.",YES,"초원보다 더 안쪽에서
무언가가 벌어지고 있는 것 같아요.",main04_miel_supp_010.wav,Unity\Client\Assets\_Project\Audio\Voice\Story\Main04\main04_miel_supp_010.wav,9f9335a565a41404fbc40b36e0755950,fce4356068527f1656f23c71a9d0c50c2201ab6ca79f8c13e21721d5bbc134ee,b28c5c972d59e639c308723a139d6ea5eb8be1642356c2d1448dc91dd96e450c,3.82,-19.28657164470833,-2.3030753452763966,main04_miel_supp_010,SEMANTIC_INTEGRITY_SUSPECT;USER_RUNTIME_RANGE_ORDER_MISMATCH,TTS_REGEN_REQUIRED;NO_REMAP,RUNTIME_CLIP_SOURCE_PCM_PASS,91680,0,TRACE order=6 id=main04_miel_supp_010 speaker=companion_miel resolved=main04_miel_supp_010 source=main04_miel_supp_010 start=17116.2197584 duration=3.82 naturalStop=17120.0909981 lastTimeSample=91648 manualNextAvailable=immediate_skip_policy autoNext=false
7,main04_taeon_supp_007,AfterBattleConversation,6,companion_taeon,"여기서 더 들어가는 건
지금은 위험할 것 같습니다.",YES,"여기서 더 들어가는 건
지금은 위험할 것 같습니다.",main04_taeon_supp_007.wav,Unity\Client\Assets\_Project\Audio\Voice\Story\Main04\main04_taeon_supp_007.wav,ddba3d554e929884ca239babdcb04012,561b02beb8faa1a4114493e5fa2c8a2b94a0c17474dfc0d5deb59be533f1db65,419eba86144260a5c9cb0e1c327792a38bde8b0d06c1f03953176c8d2e390776,4.23,-23.240073427308193,-3.3040383325111025,main04_taeon_supp_007,SEMANTIC_INTEGRITY_SUSPECT;USER_RUNTIME_RANGE_ORDER_MISMATCH,TTS_REGEN_REQUIRED;NO_REMAP,RUNTIME_CLIP_SOURCE_PCM_PASS,101520,0,TRACE order=7 id=main04_taeon_supp_007 speaker=companion_taeon resolved=main04_taeon_supp_007 source=main04_taeon_supp_007 start=17120.8452848 duration=4.23 naturalStop=17125.0874095 lastTimeSample=100864 manualNextAvailable=immediate_skip_policy autoNext=false
8,main04_miel_supp_011,AfterBattleConversation,7,companion_miel,마을에도 이 상황을 알려야 해요.,YES,마을에도 이 상황을 알려야 해요.,main04_miel_supp_011.wav,Unity\Client\Assets\_Project\Audio\Voice\Story\Main04\main04_miel_supp_011.wav,3fee2085190461e4eb3a5feec7817284,e3171567c5e679d5ba4c6d64ecd2b23bf3d50c82b8e6b3744886febb76e5327e,c580f163d493e9fc8bf020968f8e6ec34e6e75b880445ea0170ee0c188896f77,9.31,-18.964188583436627,-2.163220588566589,main04_miel_supp_011,SEMANTIC_INTEGRITY_SUSPECT;USER_RUNTIME_RANGE_ORDER_MISMATCH,TTS_REGEN_REQUIRED;NO_REMAP,RUNTIME_CLIP_SOURCE_PCM_PASS,223440,0,TRACE order=8 id=main04_miel_supp_011 speaker=companion_miel resolved=main04_miel_supp_011 source=main04_miel_supp_011 start=17125.8510073 duration=9.31 naturalStop=17135.2067957 lastTimeSample=222720 manualNextAvailable=immediate_skip_policy autoNext=false
9,,AfterBattleConversation,8,player,돌아가죠.,NONE,N/A,NONE,NONE,,,,,,,NONE,PLAYER_SILENT_PASS,NONE,PLAYER_VOICE_PORTRAIT0_PASS,0,0,PLAYER_SILENT
