stable_id,expected_text,actual_asr_text,contained_dialogue_ids,asr_segment_count,matched_page_units,duration,sample_rate,channels,bit_depth,sha256,pcm_sha256,leading_silence,trailing_silence,silence_intervals,root_cause,status
main07_paul_001,"아, 사람이다. 반갑습니다. 진짜로요.","아, 사람이다. 반갑습니다. 진짜로요. | 아, 원래 계획은 저 진흙을 피해가는 거였는데요. | 보시다시피 계획이 아주 성공적입니다.",001;002;003,3,3,13.37,24000,1,16,26fd1024cb43e58293ec1696a8fbb1f91bbd3c5e5d429f8303855c6ea47ca419,89595fa83c7a4ea26e162cc119a0b016f1438d2f5f83d8cef251c3a9134c9bc4,0.28,0.7099999999999991,"[[0.0, 0.28], [1.5, 2.15], [3.55, 4.51], [4.83, 5.09], [8.11, 8.93], [9.08, 9.63], [9.9, 10.09], [11.02, 11.28], [12.66, 13.37]]",UNCUT_MULTI_SENTENCE_WAV;SEGMENT_INDEX_SHIFT,REPAIRED;SEE_RECOVERY_MATRIX
main07_paul_002,원래 계획은 저 진흙을 피해 가는 거였는데요.,"네, 그러게요. 그것도 아주 깊게요. | 하여튼 바로 잡아당기시면 안 됩니다. | 그러면 압박퀴까지 빠질 거예요.",004;005,3,2,9.99,24000,1,16,7b812ec8925feed98e5c0a348b97d790418d7d945dd9b23b33b1c11515aee26b,9c05eae6d7ae7042ffff917f3b555457b4f425399cc50204440dd9b301d8ea05,0.69,0.5700000000000003,"[[0.0, 0.69], [1.58, 2.18], [3.62, 3.97], [4.11, 4.77], [4.92, 5.71], [7.41, 7.87], [9.42, 9.99]]",UNCUT_MULTI_SENTENCE_WAV;SEGMENT_INDEX_SHIFT,REPAIRED;SEE_RECOVERY_MATRIX
main07_paul_003,보시다시피 계획이 아주 성공적입니다.,저쪽에 넓은 돌 보이시죠? | 그걸 오른쪽 바퀴 뒤에 바쳐주시고요. | 제가 바퀴를 돌릴 때 같이 밀면 될 것 같습니다.,006;007,3,2,8.57,24000,1,16,c964417901f130d40ba0b5afed07fb2a515fcd4a20e06dca789ae6a6908d7e52,aa8aa1e84483d986452c92eae4fa6d98a26d97a9304babe5f52a6fedf65d30ff,0.56,0.6500000000000004,"[[0.0, 0.56], [2.06, 2.68], [4.93, 5.45], [7.92, 8.57]]",UNCUT_MULTI_SENTENCE_WAV;SEGMENT_INDEX_SHIFT,REPAIRED;SEE_RECOVERY_MATRIX
main07_paul_004,"네, 그러게요. 그것도 아주 깊~게요...;;",아...,008_PART1,1,1,1.82,24000,1,16,2972df0a23afbd18e69e3db46f80d12a94775f5fa68965ba13f7099acebdec83,b33ed52e531dda7c5a5d6a52d4275612735b9b63e6231afe186455cf8ff65ec1,0.63,0.55,"[[0.0, 0.63], [1.27, 1.82]]",WRONG_SEGMENT_BOUNDARY;FRAGMENTED_PAGE,REPAIRED;SEE_RECOVERY_MATRIX
main07_paul_005,하여튼 바로 잡아당기시면 안 됩니다. 그러면 앞바퀴까지 빠질 거예요.,저건 계획이 없었는데요,008_PART2,1,1,3.04,24000,1,16,1e9df759b7d12710eed576fd89b72e79f78b7c8d841aa3dbe2008637dea6038f,ce9fd578f9b03bd7f82e2284029129b6e6eb036b572a4808a8305f162e5e3941,0.49,0.6200000000000001,"[[0.0, 0.49], [2.42, 3.04]]",WRONG_SEGMENT_BOUNDARY;FRAGMENTED_PAGE,REPAIRED;SEE_RECOVERY_MATRIX
main07_paul_006,저쪽에 넓은 돌 보이시죠? 그걸 오른쪽 바퀴 뒤에 받쳐주시고요.,"뭐, 바퀴가 안 움직이는 거지 마법까지 안 나가는 건 아니니까요",009,1,1,5.77,24000,1,16,d5c1ce559ff78701a01a35fdb3a03d637e0a2d12aafbfb5a5dbc963dbf0b30e4,a3c6b80bf007e378686c99fb9a50f4e3411913b3b11da085375d0b5027bec12c,0.58,0.8299999999999992,"[[0.0, 0.58], [1.28, 1.78], [4.94, 5.77]]",SEGMENT_INDEX_SHIFT,REPAIRED;SEE_RECOVERY_MATRIX
main07_paul_007,제가 바퀴를 돌릴 때 같이 밀면 될 것 같습니다.,후우 | 됐네요,010,2,1,3.54,24000,1,16,720a93f42c0c1b8b84de7d5e0b7a94cbca527eaacd41e964b959e3d4351f21ee,7ce52db506d5feb0310491d855ebb674e41d03eec3958e976d4f3162cbd7419f,0.85,0.6200000000000001,"[[0.0, 0.85], [1.4, 2.4], [2.92, 3.54]]",SEGMENT_INDEX_SHIFT,REPAIRED;SEE_RECOVERY_MATRIX
main07_paul_008,아… 저건 계획에 없었는데요.,다음에는 저기로 안 갑니다. 경험을 했으면 계획을 수정해야죠.,011,1,1,4.87,24000,1,16,0ce3b3f05400451054faa92441fc73f3d808175194783df7a0ceff121f1b737e,6a10bffb071119da48d1d591dc9f0c7992b6c422a0e49173d9f7674f358729ba,0.59,0.7400000000000002,"[[0.0, 0.59], [1.75, 2.36], [4.13, 4.87]]",SEGMENT_INDEX_SHIFT,REPAIRED;SEE_RECOVERY_MATRIX
main07_paul_009,"뭐, 바퀴가 안 움직이는 거지 마법까지 안 나가는 건 아니니까요.",도와주셔서 감사합니다. 저는 폴이라고 합니다.,012,1,1,4.78,24000,1,16,4e1ad9765bc4c6461ad3419d4667d2592bf1bc946ee8a8270ad3385ef50b8ba1,b346ff3d5133f84af2cecb68426d1414723303a72ce67a3cd46508eef36232f7,0.73,0.5800000000000001,"[[0.0, 0.73], [1.0, 1.83], [2.88, 3.1], [4.2, 4.78]]",SEGMENT_INDEX_SHIFT,REPAIRED;SEE_RECOVERY_MATRIX
main07_paul_010,후우… 됐네요.,저도 이 숲을 좀 조사하고 있었습니다,013,1,1,3.19,24000,1,16,fda41c7478b46a9cba8e73a6a3581feec019bbb68b21baa342ace8fc9c00f7b9,df4137adb94abd8ab636c75b24008db8ecb3ff4c576fff5dfdad4809810bda35,0.57,0.44999999999999973,"[[0.0, 0.57], [2.74, 3.19]]",SEGMENT_INDEX_SHIFT,REPAIRED;SEE_RECOVERY_MATRIX
main07_paul_011,다음에는 저 길로 안 갑니다. 경험을 했으면 계획을 수정해야죠.,며칠 전부터 수반 쪽의 마력 크름이 평소랑 달라졌거든요,014,1,1,4.33,24000,1,16,f768263835d5b1d2cfe205ce420c49c4d9a5a725b45dd53a15673801e2cae863,e52777e53599c0b4dba6dfb54b88a27a11f970067dd1bab044afb50b31a663d9,0.44,0.45999999999999996,"[[0.0, 0.44], [3.87, 4.33]]",SEGMENT_INDEX_SHIFT,REPAIRED;SEE_RECOVERY_MATRIX
main07_paul_012,"아, 도와주셔서 감사합니다. 저는 폴이라고 합니다.",처음에는 별일 아닌 줄 알았는데 몬스터들 움직인까지 달라지는 걸 보고 생각에 바뀌었습니다.,015,1,1,6.46,24000,1,16,d5e28429f3eeac47d76c5ccea2622921574c2b2b692a8cdc42e8f570e13cd330,df2dfebf7389ddb8da2ce7b53a729ca614724344309415ef433fcae0e5b09f00,0.46,0.75,"[[0.0, 0.46], [2.31, 2.89], [5.71, 6.46]]",SEGMENT_INDEX_SHIFT,REPAIRED;SEE_RECOVERY_MATRIX
main07_paul_013,저도 이 숲을 좀 조사하고 있었습니다.,그러면 제가 진흥에 빠진 건 몰라도 방향은 제대로 잡은 것 같네요,016,1,1,5.21,24000,1,16,be5c2dbed1dd12f94d35459f05bfdc8d0b7c3f773d1978e45ca1523e3b675d75,f070c2314230652812a3dba5c19dce70bca3a2594cfcbd93f05139cc7484af9b,0.76,0.54,"[[0.0, 0.76], [4.67, 5.21]]",SEGMENT_INDEX_SHIFT,REPAIRED;SEE_RECOVERY_MATRIX
main07_paul_014,며칠 전부터 숲 안쪽의 마력 흐름이 평소랑 달라졌거든요.,폴이라고 합니다. | 원래는 조금 더 멀쩡한 모습으로 처음 뵐 예정이었는데요. | 그늘 수피 협조를 안 해주더라고요. | 저는 괜찮습니다. | 저분부터 봐주세요.,017;018;019,5,3,10.53,24000,1,16,94656e7673c3833c6f2a25f499bfc93b7c00f51d89e9723db199aa2d677664d0,917e225e2aac329f760059ee6627fab1ddf20a6c15f0266821daa35581aadef5,0.53,0.4499999999999993,"[[0.0, 0.53], [1.23, 1.85], [2.3, 2.46], [5.04, 5.6], [7.35, 8.23], [9.01, 9.28], [10.08, 10.53]]",UNCUT_MULTI_SENTENCE_WAV;SEGMENT_INDEX_SHIFT,REPAIRED;SEE_RECOVERY_MATRIX
main07_paul_015,처음에는 별일 아닌 줄 알았는데… 몬스터들 움직임까지 달라지는 걸 보고 생각이 바뀌었습니다.,"아, 순서가 벌써 제 차례인가요?",020,1,1,3.63,24000,1,16,4bd9ca8c4e502f9dc4472f23108fb9dc9fa39915fedf8b5498f874adfe90912d,a208f47f0aa8686eadc764b5c8fa50263d25554894a03c03219ab309f8e4bfc9,0.46,0.6499999999999999,"[[0.0, 0.46], [0.52, 1.13], [1.88, 2.13], [2.98, 3.63]]",SEGMENT_INDEX_SHIFT,REPAIRED;SEE_RECOVERY_MATRIX
main07_paul_016,"그러면 제가 진흙에 빠진 건 몰라도, 방향은 제대로 잡은 것 같네요.",그 길은 괜찮습니다. 오른쪽 가장자리만 피해주세요. | 하.. 또 뵙네요. 이번에는 제가 길을 안내해드릴 차례인가 봅니다.,main09_paul_001;main09_paul_002,2,2,8.6,24000,1,16,9179175ad2391f3bef5bf37532ee6658199d32f216f3b9060602539d3bb387df,bfc9b78f8268e4647f9283bf9ae1a3d98c3a1d2f10adb4ff7a23c4ae748448e3,0.66,0.4599999999999991,"[[0.0, 0.66], [1.53, 1.77], [3.14, 4.01], [4.26, 4.73], [5.26, 5.79], [8.14, 8.6]]",CROSS_MAIN_SEGMENT_INDEX_SHIFT,REPAIRED;SEE_RECOVERY_MATRIX
main07_paul_017,폴이라고 합니다.,"괜찮습니다. 오늘 계획표에는 진흙에 빠지는 일 정도 빼뒀고요. | 네, 단단한 땅과 돌아갈 길을 먼저 표시해뒀습니다. | 여러분은 괜찮으세요?",main09_paul_003;main09_paul_004,3,2,11.2,24000,1,16,826794955d1db851ffc893f0a2f63cbc4185df46eb4db21eed1c60d03a7c85c0,6ca2996ca976675147cee877507ad41a00aa3d4eafd590b899a2cb531966b958,0.44,0.5299999999999994,"[[0.0, 0.44], [0.98, 1.39], [4.07, 4.9], [5.06, 5.4], [7.75, 8.61], [9.66, 10.21], [10.67, 11.2]]",CROSS_MAIN_SEGMENT_INDEX_SHIFT,REPAIRED;SEE_RECOVERY_MATRIX
main07_paul_018,원래는 조금 더 멀쩡한 모습으로 처음 뵐 예정이었는데요. 그늘숲이 협조를 안 해주더라고요.,하... 빛은... 저도 봤습니다,main09_paul_005_PART1,1,1,4.16,24000,1,16,d7c8de4ee696ce4129e023aa776901b3419e69ac70dbff4e477c55f8c025c2b4,83a592a97e45dd80611e0ba462c82aece38dc5c51bfc3b05e365c5e8d22ca274,0.49,0.6300000000000003,"[[0.0, 0.49], [0.95, 1.57], [2.21, 2.67], [3.53, 4.16]]",CROSS_MAIN_SEGMENT_INDEX_SHIFT,REPAIRED;SEE_RECOVERY_MATRIX
main07_paul_019,저는 괜찮습니다. 저분부터 봐주세요.,제 마법인지부터 묻고 싶으시겠지만 저도 답을 찾는 중입니다,main09_paul_005_PART2,1,1,4.93,24000,1,16,d1ea18201df3d0ee754ff82b7392f7902f1a9b91abc90e61b8c9253f92330f5f,1ae98b8960e83bfe6515cdc053fb3bb075eff40f1b3dcae80a4220e57c1cae86,0.59,0.46999999999999975,"[[0.0, 0.59], [2.93, 3.15], [4.46, 4.93]]",CROSS_MAIN_SEGMENT_INDEX_SHIFT,REPAIRED;SEE_RECOVERY_MATRIX
main07_paul_020,"…아, 순서가 벌써 제 차례인가요?",흐흐흐흠,main09_paul_006_PART1,1,1,2.67,24000,1,16,292810c578f97306638d12695709bf1ded6a1443cbe5d4b1091e7b709e860995,e179b14bbbb16be14d1c2697b9c42fbadff9eb9e408f12fb2c8a7e82fc024bb6,0.55,0.6600000000000001,"[[0.0, 0.55], [0.6, 1.57], [2.01, 2.67]]",CROSS_MAIN_SEGMENT_INDEX_SHIFT,REPAIRED;SEE_RECOVERY_MATRIX
