main07_taeon_supp_001,0,3.32
main07_taeon_supp_002,1,4.88
main07_miel_supp_001,2,3.56
main07_miel_supp_002,0,4.88
main07_taeon_supp_003,1,2.36
main07_miel_supp_003,2,3.6
main07_miel_supp_004,3,3.32
main07_paul_001,0,4.03
main07_paul_002,1,3.56
main07_paul_003,2,4.02
main07_taeon_001,3,2.87
main07_paul_004,4,4.44
main07_paul_005,5,5.55
main07_paul_006,6,5.19
main07_paul_007,7,3.38
main07_taeon_002,8,1.83
main07_paul_008,9,4.86
main07_paul_009,10,5.77
main07_paul_010,0,3.54
main07_paul_011,1,4.87
main07_paul_012,2,4.78
main07_paul_013,3,3.19
main07_paul_014,4,4.33
main07_paul_015,5,6.46
main07_taeon_003,6,4.68
main07_paul_016,7,5.21
main07_miel_001,8,6.94
main07_paul_017,9,1.54
main07_paul_018,10,6.25
main07_miel_002,11,3.63
main07_paul_019,12,2.74
main07_miel_003,13,4.72
main07_paul_020,14,3.63
