main,quest,scene,sequence,sequence_rank,page,route,playback_locations,dialogue_id,speaker,runtime_name,runtime_text,manifest_text,manifest_path,batch,production_batch,voice_id,wav_filename,wav_path,duration,rms_db,peak_db,sample_count,sample_rate,channels,bits,sha256,pcm_hash,catalog_path,catalog_guid,catalog_speaker,guid,sentence_count,line_count,text_length,seconds_per_char,speaker_ratio_median,semantic_state,user_pass,runtime_pass,protected_pass,known_regen,risk,priority,score,reasons,recommended_action,missing,duplicate_id,duplicate_pcm,cross_main_duplicate,cross_speaker_duplicate,low_volume,short_duration,multi_sentence_short,neighbor_outlier,manifest_drift,catalog_mismatch,evidence
"3","main_03_unfamiliar_companion","Field_01","TryInteract","2","1","shared","","main03_taeon_supp_003","companion_taeon","태온","옵니다.","옵니다.","Limitless_TTS_Output_Missing_Main01_05_08_12_v2/dialogue_manifest_missing_main01_05_08_12_v2.csv","Limitless_TTS_Output_Missing_Main01_05_08_12_v2","Limitless_TTS_Regen_Main03_Taeon_Supp003_004","Gacrux","main03_taeon_supp_003.wav","Unity/Client/Assets/_Project/Audio/Voice/Story/Main03/main03_taeon_supp_003.wav","0.96","-19.73445692","-3.29047722","23040","24000","1","16","63a12b7b026195eb49b336d17653d05e6b4e4d6bc5a0cff6313bf2ec4dbb2bbe","aaad3484df4115a230190202e45d11ae64a34fae2bf5aec443d7ec97d0e28f95","Assets/_Project/Audio/Voice/Story/Main03/main03_taeon_supp_003.wav","9e9daa2d47a707049a7c0c73b5921ae4","companion_taeon","9e9daa2d47a707049a7c0c73b5921ae4","1","1","3","0.32","0.221875","PROTECTED_PASS","True","True","True","False","LOW","SEMANTIC_LISTENING_PRIORITY_LOW","0","PROTECTED_PASS_LATEST_HUMAN_RUNTIME_EVIDENCE","KEEP_PROTECTED_PASS","False","False","False","False","False","False","False","False","False","False","False","Main03_Supp008_012_Final_적용_QA.md;Main03_Taeon_Voice_Regen_적용_QA.md;Story_Voice_Main01_12_QA.md"
"3","main_03_unfamiliar_companion","Field_01","TryInteract","2","2","shared","","main03_taeon_supp_004","companion_taeon","태온","제가 앞을 막겠습니다.
뒤를 부탁드리겠습니다.","제가 앞을 막겠습니다.
뒤를 부탁드리겠습니다.","Limitless_TTS_Output_Missing_Main01_05_08_12_v2/dialogue_manifest_missing_main01_05_08_12_v2.csv","Limitless_TTS_Output_Missing_Main01_05_08_12_v2","Limitless_TTS_Regen_Main03_Taeon_Supp003_004","Gacrux","main03_taeon_supp_004.wav","Unity/Client/Assets/_Project/Audio/Voice/Story/Main03/main03_taeon_supp_004.wav","4.36","-18.95334615","-0.09702623","104640","24000","1","16","b77ac1bf874b4d9966e08c60570f4767dbf43797a1e456ca0b7af1ca79da43e6","4796d56923569fec0ef1530850a9622ffee3a0a49315ebc24f566dd4fc20d85b","Assets/_Project/Audio/Voice/Story/Main03/main03_taeon_supp_004.wav","574895e9a2b5b3b45a251673fd085670","companion_taeon","574895e9a2b5b3b45a251673fd085670","2","2","19","0.22947368","0.221875","PROTECTED_PASS","True","True","True","False","LOW","SEMANTIC_LISTENING_PRIORITY_LOW","0","PROTECTED_PASS_LATEST_HUMAN_RUNTIME_EVIDENCE","KEEP_PROTECTED_PASS","False","False","False","False","False","False","False","False","False","False","False","Main03_Supp008_012_Final_적용_QA.md;Main03_Taeon_Voice_Regen_적용_QA.md;Story_Voice_Main01_12_QA.md"
"3","main_03_unfamiliar_companion","Field_01","FirstConversation","1","1","shared","FirstConversation:1;","main03_taeon_supp_005","companion_taeon","태온","잠깐만요. 더 가까이 가지 않는 게 좋겠습니다.","잠깐만요. 더 가까이 가지 않는 게 좋겠습니다.","Limitless_TTS_Output_Missing_Main01_05_08_12_v2/dialogue_manifest_missing_main01_05_08_12_v2.csv","Limitless_TTS_Output_Missing_Main01_05_08_12_v2","Limitless_TTS_Regen_Main03_Taeon_005_007","Gacrux","main03_taeon_supp_005.wav","Unity/Client/Assets/_Project/Audio/Voice/Story/Main03/main03_taeon_supp_005.wav","4.04","-22.84578379","-2.61583845","96960","24000","1","16","381f156dc555e34ecf474d91017f4d4e83ddb31192a4f7884823c302436d780d","c7ed51624751a6d43869afa69aa88a9555c03a8b96218ebc6357e97dc215271c","Assets/_Project/Audio/Voice/Story/Main03/main03_taeon_supp_005.wav","0dc9970aa869f5645add7545bc7696ca","companion_taeon","0dc9970aa869f5645add7545bc7696ca","2","1","18","0.22444444","0.221875","PROTECTED_PASS","True","True","True","False","LOW","SEMANTIC_LISTENING_PRIORITY_LOW","0","PROTECTED_PASS_LATEST_HUMAN_RUNTIME_EVIDENCE","KEEP_PROTECTED_PASS","False","False","False","False","False","False","False","False","False","False","False","Main03_Supp008_012_Final_적용_QA.md;Main03_Taeon_Voice_Regen_적용_QA.md;Story_Voice_Main01_12_QA.md"
"3","main_03_unfamiliar_companion","Field_01","FirstConversation","1","3","shared","FirstConversation:3;","main03_taeon_supp_006","companion_taeon","태온","저 몬스터들 말입니다.
그냥 돌아다니는 것 같지만…
계속 같은 쪽을 피하고 있어요.","저 몬스터들 말입니다.
그냥 돌아다니는 것 같지만…
계속 같은 쪽을 피하고 있어요.","Limitless_TTS_Output_Missing_Main01_05_08_12_v2/dialogue_manifest_missing_main01_05_08_12_v2.csv","Limitless_TTS_Output_Missing_Main01_05_08_12_v2","Limitless_TTS_Regen_Main03_Taeon_005_007","Gacrux","main03_taeon_supp_006.wav","Unity/Client/Assets/_Project/Audio/Voice/Story/Main03/main03_taeon_supp_006.wav","7.16","-18.99628274","-2.59901816","171840","24000","1","16","deb234f78c9211cc937a3f8e07f070bfa26619cf021f29fa1793440885ac7429","c61730edd4cec20b18bd302d425e9c178d1e17e0f29f10b478a1f05acd60a6a2","Assets/_Project/Audio/Voice/Story/Main03/main03_taeon_supp_006.wav","86cecb5f27e225f4f9a992b37e2e17e9","companion_taeon","86cecb5f27e225f4f9a992b37e2e17e9","3","3","32","0.22375","0.221875","PROTECTED_PASS","True","True","True","False","LOW","SEMANTIC_LISTENING_PRIORITY_LOW","0","PROTECTED_PASS_LATEST_HUMAN_RUNTIME_EVIDENCE","KEEP_PROTECTED_PASS","False","False","False","False","False","False","False","False","False","False","False","Main03_Supp008_012_Final_적용_QA.md;Main03_Taeon_Voice_Regen_적용_QA.md;Story_Voice_Main01_12_QA.md"
"3","main_03_unfamiliar_companion","Field_01","FirstConversation","1","5","shared","FirstConversation:5;","main03_taeon_supp_007","companion_taeon","태온","그렇군요.
그러면 제가 보고 있던 움직임하고
이어질지도 모르겠습니다.","그렇군요.
그러면 제가 보고 있던 움직임하고
이어질지도 모르겠습니다.","Limitless_TTS_Output_Missing_Main01_05_08_12_v2/dialogue_manifest_missing_main01_05_08_12_v2.csv","Limitless_TTS_Output_Missing_Main01_05_08_12_v2","Limitless_TTS_Regen_Main03_Taeon_005_007","Gacrux","main03_taeon_supp_007.wav","Unity/Client/Assets/_Project/Audio/Voice/Story/Main03/main03_taeon_supp_007.wav","6.52","-19.7752444","-1.92872909","156480","24000","1","16","b457f124e1ffad972713a56bfe3081b0fae714920a23c76185721ad7ce0e3ef1","dbe38bf22e4152a1368718daddc229df16d0f3ca8360124389ce48c36966d001","Assets/_Project/Audio/Voice/Story/Main03/main03_taeon_supp_007.wav","50d6684884c921344a0d2630b2b07e66","companion_taeon","50d6684884c921344a0d2630b2b07e66","2","3","29","0.22482759","0.221875","PROTECTED_PASS","True","True","True","False","LOW","SEMANTIC_LISTENING_PRIORITY_LOW","0","PROTECTED_PASS_LATEST_HUMAN_RUNTIME_EVIDENCE","KEEP_PROTECTED_PASS","False","False","False","False","False","False","False","False","False","False","False","Main03_Supp008_012_Final_적용_QA.md;Main03_Taeon_Voice_Regen_적용_QA.md;Story_Voice_Main01_12_QA.md"
"3","main_03_unfamiliar_companion","Field_01","AfterBattleConversation","3","1","shared","AfterBattleConversation:1;","main03_taeon_supp_008","companion_taeon","태온","역시 이상합니다.","역시 이상합니다.","Limitless_TTS_Output_Missing_Main01_05_08_12_v2/dialogue_manifest_missing_main01_05_08_12_v2.csv","Limitless_TTS_Output_Missing_Main01_05_08_12_v2","Limitless_TTS_Regen_Main03_Taeon_Supp008_011","Gacrux","main03_taeon_supp_008.wav","Unity/Client/Assets/_Project/Audio/Voice/Story/Main03/main03_taeon_supp_008.wav","1.76","-19.48120982","-3.90731984","42240","24000","1","16","c2c5b6d7f79bd8db5c0d72469d4e333dba0d44c782ef7ebc4d0cd8cf99f40cbc","e6d2035b9a01c24cd5d251d12f25fbd313adb436d25ac1b6fcce4d38a3cfadd8","Assets/_Project/Audio/Voice/Story/Main03/main03_taeon_supp_008.wav","16a05ac1b6d319545a8f9113e2bd9aba","companion_taeon","16a05ac1b6d319545a8f9113e2bd9aba","1","1","7","0.25142857","0.221875","PROTECTED_PASS","True","True","True","False","LOW","SEMANTIC_LISTENING_PRIORITY_LOW","0","PROTECTED_PASS_LATEST_HUMAN_RUNTIME_EVIDENCE","KEEP_PROTECTED_PASS","False","False","False","False","False","False","False","False","False","False","False","Main03_Supp008_012_Final_적용_QA.md;Main03_Taeon_Voice_Regen_적용_QA.md;Story_Voice_Main01_12_QA.md"
"3","main_03_unfamiliar_companion","Field_01","AfterBattleConversation","3","3","shared","AfterBattleConversation:3;","main03_taeon_supp_009","companion_taeon","태온","네.
싸우는 동안에도 몇 번이나
그쪽으로 움직이지 않으려고 했어요.","네.
싸우는 동안에도 몇 번이나
그쪽으로 움직이지 않으려고 했어요.","Limitless_TTS_Output_Missing_Main01_05_08_12_v2/dialogue_manifest_missing_main01_05_08_12_v2.csv","Limitless_TTS_Output_Missing_Main01_05_08_12_v2","Limitless_TTS_Regen_Main03_Taeon_Supp009_NeFix","Gacrux","main03_taeon_supp_009.wav","Unity/Client/Assets/_Project/Audio/Voice/Story/Main03/main03_taeon_supp_009.wav","5.48","-14.86210446","-1.44968808","131520","24000","1","16","cda84965cea4b83d1cfd5d68cc69684b82a298420a540c28269fe7046090b109","6c776bba1168fda6b1fdcd8e1d1f2f666cce4834e75a77ba0f4634908ad22434","Assets/_Project/Audio/Voice/Story/Main03/main03_taeon_supp_009.wav","dde64e7754b8a3c4c8a39ff54113e2a4","companion_taeon","dde64e7754b8a3c4c8a39ff54113e2a4","2","3","27","0.20296296","0.221875","PROTECTED_PASS","True","True","True","False","LOW","SEMANTIC_LISTENING_PRIORITY_LOW","0","PROTECTED_PASS_LATEST_HUMAN_RUNTIME_EVIDENCE","KEEP_PROTECTED_PASS","False","False","False","False","False","False","False","False","False","False","False","Main03_Supp008_012_Final_적용_QA.md;Main03_Taeon_Voice_Regen_적용_QA.md;Story_Voice_Main01_12_QA.md"
"3","main_03_unfamiliar_companion","Field_01","AfterBattleConversation","3","5","shared","AfterBattleConversation:5;","main03_taeon_supp_010","companion_taeon","태온","그렇다면 우연은 아닌 것 같습니다.","그렇다면 우연은 아닌 것 같습니다.","Limitless_TTS_Output_Missing_Main01_05_08_12_v2/dialogue_manifest_missing_main01_05_08_12_v2.csv","Limitless_TTS_Output_Missing_Main01_05_08_12_v2","Limitless_TTS_Regen_Main03_Taeon_Supp008_011","Gacrux","main03_taeon_supp_010.wav","Unity/Client/Assets/_Project/Audio/Voice/Story/Main03/main03_taeon_supp_010.wav","3.32","-16.87485589","-3.2064842","79680","24000","1","16","23a88290987323e745915baca47d17caaa1715608109500743ab4ff5eb20f52c","c3b4af457a216bfd744ec37b36e522d0779e1f97c2db52bc65c4fd95d3e0a4e7","Assets/_Project/Audio/Voice/Story/Main03/main03_taeon_supp_010.wav","df90274da1dfe6349a613703673baa14","companion_taeon","df90274da1dfe6349a613703673baa14","1","1","14","0.23714286","0.221875","PROTECTED_PASS","True","True","True","False","LOW","SEMANTIC_LISTENING_PRIORITY_LOW","0","PROTECTED_PASS_LATEST_HUMAN_RUNTIME_EVIDENCE","KEEP_PROTECTED_PASS","False","False","False","False","False","False","False","False","False","False","False","Main03_Supp008_012_Final_적용_QA.md;Main03_Taeon_Voice_Regen_적용_QA.md;Story_Voice_Main01_12_QA.md"
"3","main_03_unfamiliar_companion","Field_01","AfterBattleConversation","3","6","shared","AfterBattleConversation:6;","main03_taeon_supp_011","companion_taeon","태온","저도 저쪽을 확인하려던 참이었습니다.","저도 저쪽을 확인하려던 참이었습니다.","Limitless_TTS_Output_Missing_Main01_05_08_12_v2/dialogue_manifest_missing_main01_05_08_12_v2.csv","Limitless_TTS_Output_Missing_Main01_05_08_12_v2","Limitless_TTS_Regen_Main03_Taeon_Supp008_011","Gacrux","main03_taeon_supp_011.wav","Unity/Client/Assets/_Project/Audio/Voice/Story/Main03/main03_taeon_supp_011.wav","3.52","-19.90065689","-3.5474424","84480","24000","1","16","f5e62f5c2e84ee7d81ccf8e169e23cc2e5078efbb6b33847b08e940d129fc54c","f3cc22e8bdebc647e7abec826e4798cd4571e507377151ca4802c9769d0800ae","Assets/_Project/Audio/Voice/Story/Main03/main03_taeon_supp_011.wav","e6098de83891e8d4a848af3eb519d63f","companion_taeon","e6098de83891e8d4a848af3eb519d63f","1","1","16","0.22","0.221875","PROTECTED_PASS","True","True","True","False","LOW","SEMANTIC_LISTENING_PRIORITY_LOW","0","PROTECTED_PASS_LATEST_HUMAN_RUNTIME_EVIDENCE","KEEP_PROTECTED_PASS","False","False","False","False","False","False","False","False","False","False","False","Main03_Supp008_012_Final_적용_QA.md;Main03_Taeon_Voice_Regen_적용_QA.md;Story_Voice_Main01_12_QA.md"
"3","main_03_unfamiliar_companion","Field_01","AfterBattleConversation","3","7","shared","AfterBattleConversation:7;","main03_taeon_supp_012","companion_taeon","태온","목적이 같다면 잠시 함께 가시죠.
혼자 움직이는 것보다는 안전할 겁니다.","목적이 같다면 잠시 함께 가시죠.
혼자 움직이는 것보다는 안전할 겁니다.","Limitless_TTS_Output_Missing_Main01_05_08_12_v2/dialogue_manifest_missing_main01_05_08_12_v2.csv","Limitless_TTS_Output_Missing_Main01_05_08_12_v2","Limitless_TTS_Regen_Main03_Taeon_Supp012","Gacrux","main03_taeon_supp_012.wav","Unity/Client/Assets/_Project/Audio/Voice/Story/Main03/main03_taeon_supp_012.wav","7.76","-16.16287898","-0.96305359","186240","24000","1","16","2a08dd57aecea6db4bebb6ee6ebd0b08569beca951fa7575300760eba324bd9e","9fa501b511d7b9a2ff66193a19a50da504ce76f4fded4d75f4c149086e4e52fb","Assets/_Project/Audio/Voice/Story/Main03/main03_taeon_supp_012.wav","997f362bba765564c811ef7d9d7aa0c3","companion_taeon","997f362bba765564c811ef7d9d7aa0c3","2","2","29","0.26758621","0.221875","PROTECTED_PASS","True","True","True","False","LOW","SEMANTIC_LISTENING_PRIORITY_LOW","0","PROTECTED_PASS_LATEST_HUMAN_RUNTIME_EVIDENCE","KEEP_PROTECTED_PASS","False","False","False","False","False","False","False","False","False","False","False","Main03_Supp008_012_Final_적용_QA.md;Main03_Taeon_Voice_Regen_적용_QA.md;Story_Voice_Main01_12_QA.md"
"4","main_04_three_people","Field_01","FirstConversation","1","1","shared","FirstConversation:1;","main04_miel_supp_001","companion_miel","미엘","조금만 참으세요.
출혈은 멎었습니다.","조금만 참으세요.
출혈은 멎었습니다.","Limitless_TTS_Output_Missing_Main01_05_08_12_v2/dialogue_manifest_missing_main01_05_08_12_v2.csv","Limitless_TTS_Output_Missing_Main01_05_08_12_v2","Limitless_TTS_Regen_Main04_FirstEncounter_9","Sulafat","main04_miel_supp_001.wav","Unity/Client/Assets/_Project/Audio/Voice/Story/Main04/main04_miel_supp_001.wav","3.68","-17.64754619","-1.40438958","88320","24000","1","16","e1ba067bd91ef10ed9e92cf6efaa0a8a4fd118c6970a826e2189229d62c31ea7","b3cdc28c09cc010b5c68d7a4de2f78e5d9829f20624da948b16bfde9330789cf","Assets/_Project/Audio/Voice/Story/Main04/main04_miel_supp_001.wav","e0fff6b9e1ff1ce438e69bc2582506a8","companion_miel","e0fff6b9e1ff1ce438e69bc2582506a8","2","2","15","0.24533333","0.219375","PROTECTED_PASS","True","True","True","False","LOW","SEMANTIC_LISTENING_PRIORITY_LOW","0","PROTECTED_PASS_LATEST_HUMAN_RUNTIME_EVIDENCE","KEEP_PROTECTED_PASS","False","False","False","False","False","False","False","False","False","False","False","Main04_FirstEncounter_Final_적용_QA.md;Story_Voice_Main01_12_QA.md"
"4","main_04_three_people","Field_01","FirstConversation","1","2","shared","FirstConversation:2;","main04_taeon_supp_001","companion_taeon","태온","괜찮으십니까?","괜찮으십니까?","Limitless_TTS_Output_Missing_Main01_05_08_12_v2/dialogue_manifest_missing_main01_05_08_12_v2.csv","Limitless_TTS_Output_Missing_Main01_05_08_12_v2","Limitless_TTS_Regen_Main04_FirstEncounter_9","Gacrux","main04_taeon_supp_001.wav","Unity/Client/Assets/_Project/Audio/Voice/Story/Main04/main04_taeon_supp_001.wav","1.72","-19.33745983","-2.64777916","41280","24000","1","16","6f3f59dd7360c54c22df5cb49db6e0478bb1ae494aff811b8a519d4898315ecf","82c3b1661c075e2dcc4a34ed58a2858293f53e186c9d6b5666dc6510467e16f1","Assets/_Project/Audio/Voice/Story/Main04/main04_taeon_supp_001.wav","32b0b29db4708a24cb9df2b73f45e3e3","companion_taeon","32b0b29db4708a24cb9df2b73f45e3e3","1","1","6","0.28666667","0.221875","PROTECTED_PASS","True","True","True","False","LOW","SEMANTIC_LISTENING_PRIORITY_LOW","0","PROTECTED_PASS_LATEST_HUMAN_RUNTIME_EVIDENCE","KEEP_PROTECTED_PASS","False","False","False","False","False","False","False","False","False","False","False","Main04_FirstEncounter_Final_적용_QA.md;Story_Voice_Main01_12_QA.md"
"4","main_04_three_people","Field_01","FirstConversation","1","3","shared","FirstConversation:3;","main04_miel_supp_002","companion_miel","미엘","저보다 이분이 먼저예요.","저보다 이분이 먼저예요.","Limitless_TTS_Output_Missing_Main01_05_08_12_v2/dialogue_manifest_missing_main01_05_08_12_v2.csv","Limitless_TTS_Output_Missing_Main01_05_08_12_v2","Limitless_TTS_Regen_Main04_FirstEncounter_9","Sulafat","main04_miel_supp_002.wav","Unity/Client/Assets/_Project/Audio/Voice/Story/Main04/main04_miel_supp_002.wav","2.16","-17.55138631","-2.27375266","51840","24000","1","16","2fb1425e82c9f4d5d609b9d90fc3619bef32ec6fbc2a02a42ee2b3a79ed5e676","dad1a17140e3fe6b2bfb003760e0cac36bb0f05185677c7cb9ce609f1e85d1d8","Assets/_Project/Audio/Voice/Story/Main04/main04_miel_supp_002.wav","f4e868d47984fa14fbe9b8d9376c1524","companion_miel","f4e868d47984fa14fbe9b8d9376c1524","1","1","10","0.216","0.219375","PROTECTED_PASS","True","True","True","False","LOW","SEMANTIC_LISTENING_PRIORITY_LOW","0","PROTECTED_PASS_LATEST_HUMAN_RUNTIME_EVIDENCE","KEEP_PROTECTED_PASS","False","False","False","False","False","False","False","False","False","False","False","Main04_FirstEncounter_Final_적용_QA.md;Story_Voice_Main01_12_QA.md"
"4","main_04_three_people","Field_01","FirstConversation","1","4","shared","FirstConversation:4;","main04_taeon_supp_002","companion_taeon","태온","당신도 다친 것 같은데요.","당신도 다친 것 같은데요.","Limitless_TTS_Output_Missing_Main01_05_08_12_v2/dialogue_manifest_missing_main01_05_08_12_v2.csv","Limitless_TTS_Output_Missing_Main01_05_08_12_v2","Limitless_TTS_Regen_Main04_FirstEncounter_9","Gacrux","main04_taeon_supp_002.wav","Unity/Client/Assets/_Project/Audio/Voice/Story/Main04/main04_taeon_supp_002.wav","2.72","-16.73022601","-2.38501176","65280","24000","1","16","28f223b9d7ca404cc5052027649cb74fa28184c3d2fc092616cc433a31a6cd07","cbd4fa772748d7bc99c0ba0204511370686ce57048086a3a9970cb2a1e957522","Assets/_Project/Audio/Voice/Story/Main04/main04_taeon_supp_002.wav","f947e47f07a49304082926e9299a95d0","companion_taeon","f947e47f07a49304082926e9299a95d0","1","1","10","0.272","0.221875","PROTECTED_PASS","True","True","True","False","LOW","SEMANTIC_LISTENING_PRIORITY_LOW","0","PROTECTED_PASS_LATEST_HUMAN_RUNTIME_EVIDENCE","KEEP_PROTECTED_PASS","False","False","False","False","False","False","False","False","False","False","False","Main04_FirstEncounter_Final_적용_QA.md;Story_Voice_Main01_12_QA.md"
"4","main_04_three_people","Field_01","FirstConversation","1","5","shared","FirstConversation:5;","main04_miel_supp_003","companion_miel","미엘","알아요.
그래도 아직 움직일 수 있어요.","알아요.
그래도 아직 움직일 수 있어요.","Limitless_TTS_Output_Missing_Main01_05_08_12_v2/dialogue_manifest_missing_main01_05_08_12_v2.csv","Limitless_TTS_Output_Missing_Main01_05_08_12_v2","Limitless_TTS_Regen_Main04_FirstEncounter_9","Sulafat","main04_miel_supp_003.wav","Unity/Client/Assets/_Project/Audio/Voice/Story/Main04/main04_miel_supp_003.wav","3.76","-20.35508648","-2.87914453","90240","24000","1","16","fc0c804321c31d58589817fb5e4b8f003dcb84c05372ba874ee3ae6cd029dbb8","036718928813bf30bae3999fcee41ddbe7b18608e956eab665f3735ac7885408","Assets/_Project/Audio/Voice/Story/Main04/main04_miel_supp_003.wav","396d1adfa28d2c045919d3a43cd56438","companion_miel","396d1adfa28d2c045919d3a43cd56438","2","2","15","0.25066667","0.219375","PROTECTED_PASS","True","True","True","False","LOW","SEMANTIC_LISTENING_PRIORITY_LOW","0","PROTECTED_PASS_LATEST_HUMAN_RUNTIME_EVIDENCE","KEEP_PROTECTED_PASS","False","False","False","False","False","False","False","False","False","False","False","Main04_FirstEncounter_Final_적용_QA.md;Story_Voice_Main01_12_QA.md"
"4","main_04_three_people","Field_01","FirstConversation","1","7","shared","FirstConversation:7;","main04_miel_supp_004","companion_miel","미엘","몬스터들에게 습격받았습니다.
그런데 조금 이상했어요.","몬스터들에게 습격받았습니다.
그런데 조금 이상했어요.","Limitless_TTS_Output_Missing_Main01_05_08_12_v2/dialogue_manifest_missing_main01_05_08_12_v2.csv","Limitless_TTS_Output_Missing_Main01_05_08_12_v2","Limitless_TTS_Regen_Main04_FirstEncounter_9","Sulafat","main04_miel_supp_004.wav","Unity/Client/Assets/_Project/Audio/Voice/Story/Main04/main04_miel_supp_004.wav","5.4","-16.02296067","-0.93407891","129600","24000","1","16","5d3562fc556b7aaefb488cff1e24a88f269ab36c4b518ea7c4f37a3b95fdc714","6c8569c11a113c59adbb6793032d8a7e08898999bbd0f62fc5e66fe9737f584a","Assets/_Project/Audio/Voice/Story/Main04/main04_miel_supp_004.wav","e2426b334db36754a9d9b3d6ead414cc","companion_miel","e2426b334db36754a9d9b3d6ead414cc","2","2","23","0.23478261","0.219375","PROTECTED_PASS","True","True","True","False","LOW","SEMANTIC_LISTENING_PRIORITY_LOW","0","PROTECTED_PASS_LATEST_HUMAN_RUNTIME_EVIDENCE","KEEP_PROTECTED_PASS","False","False","False","False","False","False","False","False","False","False","False","Main04_FirstEncounter_Final_적용_QA.md;Story_Voice_Main01_12_QA.md"
"4","main_04_three_people","Field_01","FirstConversation","1","8","shared","FirstConversation:8;","main04_miel_supp_005","companion_miel","미엘","처음부터 사람을 노리고
온 것 같지는 않았습니다.","처음부터 사람을 노리고
온 것 같지는 않았습니다.","Limitless_TTS_Output_Missing_Main01_05_08_12_v2/dialogue_manifest_missing_main01_05_08_12_v2.csv","Limitless_TTS_Output_Missing_Main01_05_08_12_v2","Limitless_TTS_Regen_Main04_FirstEncounter_9","Sulafat","main04_miel_supp_005.wav","Unity/Client/Assets/_Project/Audio/Voice/Story/Main04/main04_miel_supp_005.wav","3.88","-19.74529683","-2.55124047","93120","24000","1","16","d44dace76e3662051413eaaed34556fd07ffc45b07257d4d8dee3e7b5dec6140","6aad6d8e5b98218c8f11d46d1d56f8b17dc5707489b227349b2c6bcc9d735474","Assets/_Project/Audio/Voice/Story/Main04/main04_miel_supp_005.wav","3c3dba5e74d6ec241b4958fc79a34310","companion_miel","3c3dba5e74d6ec241b4958fc79a34310","1","2","20","0.194","0.219375","PROTECTED_PASS","True","True","True","False","LOW","SEMANTIC_LISTENING_PRIORITY_LOW","0","PROTECTED_PASS_LATEST_HUMAN_RUNTIME_EVIDENCE","KEEP_PROTECTED_PASS","False","False","False","False","False","False","False","False","False","False","False","Main04_FirstEncounter_Final_적용_QA.md;Story_Voice_Main01_12_QA.md"
"4","main_04_three_people","Field_01","FirstConversation","1","9","shared","FirstConversation:9;","main04_taeon_supp_003","companion_taeon","태온","무언가를 피하고 있었습니까?","무언가를 피하고 있었습니까?","Limitless_TTS_Output_Missing_Main01_05_08_12_v2/dialogue_manifest_missing_main01_05_08_12_v2.csv","Limitless_TTS_Output_Missing_Main01_05_08_12_v2","Limitless_TTS_Regen_Main04_FirstEncounter_9","Gacrux","main04_taeon_supp_003.wav","Unity/Client/Assets/_Project/Audio/Voice/Story/Main04/main04_taeon_supp_003.wav","2.56","-19.08853046","-3.19690368","61440","24000","1","16","79f340ff378fa7b3eebd3542e706e1c71402f37f2ce9c4c9db4233da04e54828","00992da47db74ef024929219f3a5fd04618c0a223bd9bb705e285a9be9c6ff1b","Assets/_Project/Audio/Voice/Story/Main04/main04_taeon_supp_003.wav","d1cef965a60b4994a9efc9355fb3e79b","companion_taeon","d1cef965a60b4994a9efc9355fb3e79b","1","1","12","0.21333333","0.221875","PROTECTED_PASS","True","True","True","False","LOW","SEMANTIC_LISTENING_PRIORITY_LOW","0","PROTECTED_PASS_LATEST_HUMAN_RUNTIME_EVIDENCE","KEEP_PROTECTED_PASS","False","False","False","False","False","False","False","False","False","False","False","Main04_FirstEncounter_Final_적용_QA.md;Story_Voice_Main01_12_QA.md"
"4","main_04_three_people","Field_01","FirstConversation","1","10","shared","FirstConversation:10;","main04_miel_supp_006","companion_miel","미엘","네.
갑자기 길을 가로막게 되자
공격한 것처럼 보였어요.","네.
갑자기 길을 가로막게 되자
공격한 것처럼 보였어요.","Limitless_TTS_Output_Missing_Main01_05_08_12_v2/dialogue_manifest_missing_main01_05_08_12_v2.csv","Limitless_TTS_Output_Missing_Main01_05_08_12_v2","Limitless_TTS_Regen_Main04_FirstEncounter_9","Sulafat","main04_miel_supp_006.wav","Unity/Client/Assets/_Project/Audio/Voice/Story/Main04/main04_miel_supp_006.wav","5.8","-17.59106041","-3.55582088","139200","24000","1","16","d77657b1143e1aa5f7fc691764b8ccc373e1dcff3ae1506d7c74167c6d3d120c","df7472ab0794d4232cbae7da7333e433939757c797fdc4137e66ce1174556614","Assets/_Project/Audio/Voice/Story/Main04/main04_miel_supp_006.wav","96e329a599d28f746b02246d49b2683f","companion_miel","96e329a599d28f746b02246d49b2683f","2","3","22","0.26363636","0.219375","PROTECTED_PASS","True","True","True","False","LOW","SEMANTIC_LISTENING_PRIORITY_LOW","0","PROTECTED_PASS_LATEST_HUMAN_RUNTIME_EVIDENCE","KEEP_PROTECTED_PASS","False","False","False","False","False","False","False","False","False","False","False","Main04_FirstEncounter_Final_적용_QA.md;Story_Voice_Main01_12_QA.md"
"4","main_04_three_people","Field_01","EncounterConversation","2","1","shared","EncounterConversation:1;","main04_taeon_supp_004","companion_taeon","태온","또 옵니다.
제가 앞을 맡겠습니다.","또 옵니다.
제가 앞을 맡겠습니다.","Limitless_TTS_Output_Missing_Main01_05_08_12_v2/dialogue_manifest_missing_main01_05_08_12_v2.csv","Limitless_TTS_Output_Missing_Main01_05_08_12_v2","Limitless_TTS_Regen_Main04_PostFirstEncounter_3","Gacrux","main04_taeon_supp_004.wav","Unity/Client/Assets/_Project/Audio/Voice/Story/Main04/main04_taeon_supp_004.wav","3.04","-18.23730992","-1.01205691","72960","24000","1","16","04297be9c9ad031c21541a19e8d9c2bb9df04cbb3eada9eb8137764215ca9b0a","56572034683b4b722a077c26e1837ecbf20089869d535ee31c07f5833fec89a5","Assets/_Project/Audio/Voice/Story/Main04/main04_taeon_supp_004.wav","62b5719981958b14683804f53f69086f","companion_taeon","62b5719981958b14683804f53f69086f","2","2","13","0.23384615","0.221875","PROTECTED_PASS","True","True","True","False","LOW","SEMANTIC_LISTENING_PRIORITY_LOW","0","PROTECTED_PASS_LATEST_HUMAN_RUNTIME_EVIDENCE","KEEP_PROTECTED_PASS","False","False","False","False","False","False","False","False","False","False","False","Main04_FirstEncounter_Final_적용_QA.md;Story_Voice_Main01_12_QA.md"
"4","main_04_three_people","Field_01","EncounterConversation","2","2","shared","EncounterConversation:2;","main04_miel_supp_007","companion_miel","미엘","다친 곳은 제가 보겠습니다.","다친 곳은 제가 보겠습니다.","Limitless_TTS_Output_Missing_Main01_05_08_12_v2/dialogue_manifest_missing_main01_05_08_12_v2.csv","Limitless_TTS_Output_Missing_Main01_05_08_12_v2","Limitless_TTS_Regen_Main04_PostFirstEncounter_3","Sulafat","main04_miel_supp_007.wav","Unity/Client/Assets/_Project/Audio/Voice/Story/Main04/main04_miel_supp_007.wav","2.4","-20.24352809","-4.38930467","57600","24000","1","16","6d36ba89b5be5ce067b33856cf38f0630b32cf6e54af1f7c2eba76a421208582","ec4af587bf04c076abf675d6718066892690225d4e920ea9d5f0aeac51bf8977","Assets/_Project/Audio/Voice/Story/Main04/main04_miel_supp_007.wav","4782880ec2e1f9f48a7489850b017ce0","companion_miel","4782880ec2e1f9f48a7489850b017ce0","1","1","11","0.21818182","0.219375","PROTECTED_PASS","True","True","True","False","LOW","SEMANTIC_LISTENING_PRIORITY_LOW","0","PROTECTED_PASS_LATEST_HUMAN_RUNTIME_EVIDENCE","KEEP_PROTECTED_PASS","False","False","False","False","False","False","False","False","False","False","False","Main04_FirstEncounter_Final_적용_QA.md;Story_Voice_Main01_12_QA.md"
"4","main_04_three_people","Field_01","AfterBattleConversation","3","1","shared","AfterBattleConversation:1;","main04_miel_supp_008","companion_miel","미엘","괜찮으세요?
다친 곳부터 확인할게요.","괜찮으세요?
다친 곳부터 확인할게요.","Limitless_TTS_Output_Missing_Main01_05_08_12_v2/dialogue_manifest_missing_main01_05_08_12_v2.csv","Limitless_TTS_Output_Missing_Main01_05_08_12_v2","Limitless_TTS_Regen_Main04_PostFirstEncounter_3","Sulafat","main04_miel_supp_008.wav","Unity/Client/Assets/_Project/Audio/Voice/Story/Main04/main04_miel_supp_008.wav","4.08","-18.09937965","-1.85621716","97920","24000","1","16","939bd36a013f7c62c841a2f9c54dccf6861d36f739b63e1b49742a2ac5657c1d","f627f3ca8f12acc81cb4e46c85d7e60f3901ac7ab38c61fd4673728fc6d030a5","Assets/_Project/Audio/Voice/Story/Main04/main04_miel_supp_008.wav","06fa822df904fa04089d9ef30ead21c7","companion_miel","06fa822df904fa04089d9ef30ead21c7","2","2","15","0.272","0.219375","PROTECTED_PASS","True","True","True","False","LOW","SEMANTIC_LISTENING_PRIORITY_LOW","0","PROTECTED_PASS_LATEST_HUMAN_RUNTIME_EVIDENCE","KEEP_PROTECTED_PASS","False","False","False","False","False","False","False","False","False","False","False","Main04_FirstEncounter_Final_적용_QA.md;Story_Voice_Main01_12_QA.md"
"4","main_04_three_people","Field_01","AfterBattleConversation","3","2","shared","AfterBattleConversation:2;","main04_taeon_supp_005","companion_taeon","태온","본인부터 보셔야 하는 것 아닙니까?","본인부터 보셔야 하는 것 아닙니까?","Limitless_TTS_Output_Missing_Main01_05_08_12_v2/dialogue_manifest_missing_main01_05_08_12_v2.csv","Limitless_TTS_Output_Missing_Main01_05_08_12_v2","Limitless_TTS_Output_Missing_Main01_05_08_12_v2","Gacrux","main04_taeon_supp_005.wav","Unity/Client/Assets/_Project/Audio/Voice/Story/Main04/main04_taeon_supp_005.wav","2.71","-19.87447405","-4.58750762","65040","24000","1","16","d01fe51d7c8c6d94a4411477ffd6b98ab3c62fe99267ed0bef11384383afdf1e","0ac6df116eb89cc24a1cfbaf717220c83738add4588069589fb96be2b3122467","Assets/_Project/Audio/Voice/Story/Main04/main04_taeon_supp_005.wav","2b77adb51516d734aa5348f18fc42086","companion_taeon","2b77adb51516d734aa5348f18fc42086","1","1","14","0.19357143","0.221875","PROTECTED_PASS","True","True","True","False","LOW","SEMANTIC_LISTENING_PRIORITY_LOW","0","PROTECTED_PASS_LATEST_HUMAN_RUNTIME_EVIDENCE","KEEP_PROTECTED_PASS","False","False","False","False","False","False","False","False","False","False","False","Main04_FirstEncounter_Final_적용_QA.md;Story_Voice_Main01_12_QA.md"
